dripid,addedtodrip,councilinterest,softsignupdate,softsignupdate_sql,softsignupdate_raw
fyh1cenqpqpb7z16tmpf,2024-09-11T17:22:32Z,all_councils,2024-09-11T17:25:00.000Z,2024-09-11 17:25:00,"Sep 11, 2024 at 5:25pm"
bc99mgehh9x33bv9i2nd,2024-09-01T16:02:57Z,all_councils,2024-09-01T16:05:00.000Z,2024-09-01 16:05:00,"Sep 1, 2024 at 4:05pm"
89ab7nf2gxikllrkmiwd,2024-09-02T12:18:28Z,all_councils,2024-09-02T12:23:00.000Z,2024-09-02 12:23:00,"Sep 2, 2024 at 12:23pm"
ses82fa8ke0fx9o9ihnr,2025-02-19T23:07:58Z,all_councils,2025-02-19T23:10:00.000Z,2025-02-19 23:10:00,"Feb 19, 2025 at 11:10pm"
tewk0blg43d9ux1mai4s,2025-07-14T09:19:03Z,all_councils,2025-07-14T09:19:00.000Z,2025-07-14 09:19:00,"Jul 14, 2025 at 9:19am"
sjq2veuuqihbpndqbt7s,2019-04-08T12:53:38Z,all_councils,2025-01-20T17:04:00.000Z,2025-01-20 17:04:00,"Jan 20, 2025 at 5:04pm"
m3jsrtuicgs60rk3h2w1,2025-07-13T10:25:53Z,all_councils,2025-07-13T10:26:00.000Z,2025-07-13 10:26:00,"Jul 13, 2025 at 10:26am"
ix5jou2ajrs1a735dep8,2025-06-21T21:44:36Z,all_councils,2025-06-21T21:44:00.000Z,2025-06-21 21:44:00,"Jun 21, 2025 at 9:44pm"
nkv2gfhqslxc8sw0su5z,2025-07-10T11:41:56Z,all_councils,2025-07-10T11:42:00.000Z,2025-07-10 11:42:00,"Jul 10, 2025 at 11:42am"
if1apgqgqd6wg0fbqlef,2025-03-21T14:29:20Z,all_councils,2025-03-21T14:29:00.000Z,2025-03-21 14:29:00,"Mar 21, 2025 at 2:29pm"
d9cbpbbxth9visymnbej,2019-04-08T12:53:47Z,all_councils,2024-09-06T12:44:00.000Z,2024-09-06 12:44:00,"Sep 6, 2024 at 12:44pm"
bujvk45c4cbsgmdwbxxa,2019-04-09T10:09:20Z,all_councils,2024-08-29T11:36:00.000Z,2024-08-29 11:36:00,"Aug 29, 2024 at 11:36am"
ox1hgssricctn7nycn2d,2025-09-12T13:44:56Z,all_councils,2025-09-12T13:58:00.000Z,2025-09-12 13:58:00,"Sep 12, 2025 at 1:58pm"
og3z5zryelosgxhw61v2,2025-06-06T07:58:56Z,all_councils,2025-06-06T08:00:00.000Z,2025-06-06 08:00:00,"Jun 6, 2025 at 8:00am"
jkal6bpmgbt8i6951g3r,2021-04-12T11:28:59Z,all_councils,2025-06-14T05:34:00.000Z,2025-06-14 05:34:00,"Jun 14, 2025 at 5:34am"
njx4wrkosay57h2t1e8d,2025-09-02T09:12:15Z,all_councils,2025-09-02T09:12:00.000Z,2025-09-02 09:12:00,"Sep 2, 2025 at 9:12am"
7wgiejitxkzyznlfi7qh,2022-06-12T21:24:18Z,all_councils,2025-09-12T08:46:00.000Z,2025-09-12 08:46:00,"Sep 12, 2025 at 8:46am"
xszph79t9vjpkyfdjfrk,2024-12-03T11:53:29Z,all_councils,2024-12-03T11:53:00.000Z,2024-12-03 11:53:00,"Dec 3, 2024 at 11:53am"
fg820uqrmccqwnkhokcu,2025-02-08T15:11:39Z,all_councils,2025-02-08T15:11:00.000Z,2025-02-08 15:11:00,"Feb 8, 2025 at 3:11pm"
16zuyy2nlchlphisre5o,2025-09-09T09:14:15Z,all_councils,2025-09-09T09:14:00.000Z,2025-09-09 09:14:00,"Sep 9, 2025 at 9:14am"
oivp2a1sd0ukf8714n7n,2024-09-12T13:55:23Z,all_councils,2024-09-12T13:58:00.000Z,2024-09-12 13:58:00,"Sep 12, 2024 at 1:58pm"
rcazhmp25ua0s2uwma24,2025-03-18T03:39:37Z,all_councils,2025-03-18T03:43:00.000Z,2025-03-18 03:43:00,"Mar 18, 2025 at 3:43am"
zj2n1vbv7w1jggcw2wzq,2025-09-26T00:53:57Z,all_councils,2025-09-26T00:54:00.000Z,2025-09-26 00:54:00,"Sep 26, 2025 at 12:54am"
olw0fneselnvica6lhq3,2020-03-02T11:31:47Z,all_councils,2025-05-10T06:55:00.000Z,2025-05-10 06:55:00,"May 10, 2025 at 6:55am"
94y2photdnlyysvqcav5,2025-04-29T20:59:40Z,all_councils,2025-04-29T21:01:00.000Z,2025-04-29 21:01:00,"Apr 29, 2025 at 9:01pm"
twh3nqtmcpsje3ee1k15,2019-04-08T12:54:00Z,all_councils,2025-04-07T08:34:00.000Z,2025-04-07 08:34:00,"Apr 7, 2025 at 8:34am"
bdse0qdnrculshsmlg2x,2024-11-07T14:46:16Z,all_councils,2024-11-07T14:46:00.000Z,2024-11-07 14:46:00,"Nov 7, 2024 at 2:46pm"
oqqhpjdzxzcz8jrpdsqn,2019-04-08T12:53:36Z,all_councils,2024-09-06T18:15:00.000Z,2024-09-06 18:15:00,"Sep 6, 2024 at 6:15pm"
dn6aj79rqxckfn7o9z83,2024-03-20T15:04:13Z,all_councils,2024-11-14T13:50:00.000Z,2024-11-14 13:50:00,"Nov 14, 2024 at 1:50pm"
23caz865nuu5blwqp07v,2025-08-11T09:56:55Z,all_councils,2025-08-11T09:57:00.000Z,2025-08-11 09:57:00,"Aug 11, 2025 at 9:57am"
9wz5xhvqtegjxpkee75c,2024-12-09T09:59:58Z,all_councils,2024-12-09T10:00:00.000Z,2024-12-09 10:00:00,"Dec 9, 2024 at 10:00am"
bj6cq2684310gkzcflre,2025-01-31T02:36:22Z,all_councils,2025-01-31T02:36:00.000Z,2025-01-31 02:36:00,"Jan 31, 2025 at 2:36am"
2473ik47hy91pp493i2p,2024-11-14T12:24:53Z,all_councils,2024-11-14T12:25:00.000Z,2024-11-14 12:25:00,"Nov 14, 2024 at 12:25pm"
eh1ijffzpd194gw2ey1v,2025-06-08T18:07:37Z,all_councils,2025-06-08T18:10:00.000Z,2025-06-08 18:10:00,"Jun 8, 2025 at 6:10pm"
bbks0bzy4ipdcvjpilwk,2025-06-22T10:26:11Z,all_councils,2025-06-22T10:26:00.000Z,2025-06-22 10:26:00,"Jun 22, 2025 at 10:26am"
qeoqxwygzq3yts4c8psq,2019-04-08T12:53:45Z,all_councils,2025-03-03T17:06:00.000Z,2025-03-03 17:06:00,"Mar 3, 2025 at 5:06pm"
pnu5gnxqmzz7oj84yvsb,2019-04-08T12:53:56Z,all_councils,2025-07-17T16:41:00.000Z,2025-07-17 16:41:00,"Jul 17, 2025 at 4:41pm"
2v3g8dnkn94h166p69f6,2025-07-28T07:51:09Z,all_councils,2025-07-28T07:51:00.000Z,2025-07-28 07:51:00,"Jul 28, 2025 at 7:51am"
s2rbxjdahgw2xwcyvblg,2025-06-04T17:59:22Z,all_councils,2025-06-04T18:00:00.000Z,2025-06-04 18:00:00,"Jun 4, 2025 at 6:00pm"
ir7hrpzmbb9twwxea6xs,2019-04-08T12:53:52Z,all_councils,2024-09-05T07:55:00.000Z,2024-09-05 07:55:00,"Sep 5, 2024 at 7:55am"
bamjb2mn6wglohjkr4im,2025-01-27T17:07:59Z,all_councils,2025-01-27T17:08:00.000Z,2025-01-27 17:08:00,"Jan 27, 2025 at 5:08pm"
fav1syimmrwbgvvgse8m,2019-04-08T12:53:49Z,all_councils,2024-09-02T12:03:00.000Z,2024-09-02 12:03:00,"Sep 2, 2024 at 12:03pm"
gopos339qksdotjjeaa5,2025-07-07T09:51:24Z,all_councils,2025-07-07T09:51:00.000Z,2025-07-07 09:51:00,"Jul 7, 2025 at 9:51am"
y0s5b2alq1lbl7jie8ko,2024-08-14T12:11:21Z,all_councils,2024-08-14T12:11:00.000Z,2024-08-14 12:11:00,"Aug 14, 2024 at 12:11pm"
fksouye4sd7dfmn8k3kn,2019-04-08T12:53:57Z,all_councils,2025-07-17T11:25:00.000Z,2025-07-17 11:25:00,"Jul 17, 2025 at 11:25am"
2khl92ycfao0ewxj0f5b,2025-08-20T07:04:12Z,all_councils,2025-08-20T07:04:00.000Z,2025-08-20 07:04:00,"Aug 20, 2025 at 7:04am"
b32fy4y3ol8cvyi4xxmk,2024-08-01T16:11:26Z,all_councils,2024-08-18T07:51:00.000Z,2024-08-18 07:51:00,"Aug 18, 2024 at 7:51am"
ggfy6tsuhlbzp8gtfaau,2024-11-25T16:23:22Z,all_councils,2024-11-25T16:31:00.000Z,2024-11-25 16:31:00,"Nov 25, 2024 at 4:31pm"
xleq95dkhj4qxcchgaiv,2025-02-26T09:29:33Z,all_councils,2025-06-11T06:43:00.000Z,2025-06-11 06:43:00,"Jun 11, 2025 at 6:43am"
nwiekdkqldr6poddyfbw,2023-07-06T18:48:49Z,all_councils,2024-08-10T08:05:00.000Z,2024-08-10 08:05:00,"Aug 10, 2024 at 8:05am"
0p3jpdne67wsiu42r4vs,2025-07-17T17:00:11Z,all_councils,2025-07-17T17:01:00.000Z,2025-07-17 17:01:00,"Jul 17, 2025 at 5:01pm"
mfwpazdfbnfrs0sodi14,2024-09-12T08:44:39Z,all_councils,2024-09-12T08:45:00.000Z,2024-09-12 08:45:00,"Sep 12, 2024 at 8:45am"
sea5ubpubksno1p30sj8,2025-09-18T21:31:47Z,all_councils,2025-09-18T21:32:00.000Z,2025-09-18 21:32:00,"Sep 18, 2025 at 9:32pm"
tfvh2tesrccs5fwaia24,2025-03-14T09:52:46Z,all_councils,2025-03-14T09:55:00.000Z,2025-03-14 09:55:00,"Mar 14, 2025 at 9:55am"
o5azf7i37cfyao2259zb,2025-09-08T19:11:17Z,all_councils,2025-09-08T19:12:00.000Z,2025-09-08 19:12:00,"Sep 8, 2025 at 7:12pm"
4odq24hv0xzdjty6qwn2,2024-09-11T18:36:29Z,all_councils,2024-09-11T18:37:00.000Z,2024-09-11 18:37:00,"Sep 11, 2024 at 6:37pm"
w5vri2fvxgyx5kzcupig,2025-04-02T10:45:29Z,all_councils,2025-04-02T10:46:00.000Z,2025-04-02 10:46:00,"Apr 2, 2025 at 10:46am"
y0en3kmxfd0bygwlxncn,2025-06-09T15:47:17Z,all_councils,2025-06-09T15:47:00.000Z,2025-06-09 15:47:00,"Jun 9, 2025 at 3:47pm"
l61cpq0c6dab5enbom8h,2024-04-25T10:05:59Z,all_councils,2025-02-02T13:14:00.000Z,2025-02-02 13:14:00,"Feb 2, 2025 at 1:14pm"
ua7dpi8l60dzalj9c2sc,2025-07-25T11:18:17Z,all_councils,2025-07-25T11:19:00.000Z,2025-07-25 11:19:00,"Jul 25, 2025 at 11:19am"
pbnp7pmmyomkiua82pbq,2022-02-19T12:31:05Z,all_councils,2024-08-31T14:52:00.000Z,2024-08-31 14:52:00,"Aug 31, 2024 at 2:52pm"
xa9qor7jco400o1xqtch,2024-12-19T18:51:32Z,all_councils,2025-01-10T21:15:00.000Z,2025-01-10 21:15:00,"Jan 10, 2025 at 9:15pm"
m5g5wky13n8yqrnkn5yt,2025-09-17T13:24:23Z,all_councils,2025-09-17T13:24:00.000Z,2025-09-17 13:24:00,"Sep 17, 2025 at 1:24pm"
rc7rxr1ywxxosty0um1p,2025-06-15T19:33:36Z,all_councils,2025-06-15T19:33:00.000Z,2025-06-15 19:33:00,"Jun 15, 2025 at 7:33pm"
dqb5ljad7jrhkzg96njc,2025-07-27T10:02:44Z,all_councils,2025-07-27T10:05:00.000Z,2025-07-27 10:05:00,"Jul 27, 2025 at 10:05am"
7d1wz82yrs0l7nmbcaic,2025-06-27T11:34:21Z,all_councils,2025-06-27T11:34:00.000Z,2025-06-27 11:34:00,"Jun 27, 2025 at 11:34am"
eo6a14x5z33aqkt149ii,2025-01-07T14:40:04Z,all_councils,2025-01-07T14:40:00.000Z,2025-01-07 14:40:00,"Jan 7, 2025 at 2:40pm"
dgtqxy2ni1c3v1q42ppu,2019-04-08T12:53:43Z,all_councils,2024-09-08T14:46:00.000Z,2024-09-08 14:46:00,"Sep 8, 2024 at 2:46pm"
pkpdch4v9u9fupmogzvt,2022-04-10T20:30:08Z,all_councils,2024-08-27T19:55:00.000Z,2024-08-27 19:55:00,"Aug 27, 2024 at 7:55pm"
mtp5ejuj2fzamseef5zl,2025-06-29T03:53:44Z,all_councils,2025-06-29T03:54:00.000Z,2025-06-29 03:54:00,"Jun 29, 2025 at 3:54am"
hjzruwf8lvio1bdvdfrh,2025-09-13T13:59:02Z,all_councils,2025-09-13T13:59:00.000Z,2025-09-13 13:59:00,"Sep 13, 2025 at 1:59pm"
b3z9su860bkyma1onkx3,2025-02-25T17:28:42Z,all_councils,2025-02-25T17:29:00.000Z,2025-02-25 17:29:00,"Feb 25, 2025 at 5:29pm"
15gz5cw0g0io09q3g6i5,2025-02-25T12:49:00Z,all_councils,2025-02-25T12:51:00.000Z,2025-02-25 12:51:00,"Feb 25, 2025 at 12:51pm"
9jsvrvoj531emyqzezid,2019-04-08T12:53:45Z,all_councils,2024-09-02T14:35:00.000Z,2024-09-02 14:35:00,"Sep 2, 2024 at 2:35pm"
vxyo435wmctj8j6xqicj,2024-09-10T16:42:58Z,all_councils,2024-09-10T21:25:00.000Z,2024-09-10 21:25:00,"Sep 10, 2024 at 9:25pm"
z6smdfpx22lzyve4gyw0,2024-12-20T09:33:07Z,all_councils,2024-12-20T09:33:00.000Z,2024-12-20 09:33:00,"Dec 20, 2024 at 9:33am"
ozgvhc6oyvko6gb4uzos,2024-05-17T11:06:08Z,all_councils,2025-01-06T04:40:00.000Z,2025-01-06 04:40:00,"Jan 6, 2025 at 4:40am"
yoo7q302hn08z2ny7qyi,2025-07-25T10:17:52Z,all_councils,2025-07-25T10:19:00.000Z,2025-07-25 10:19:00,"Jul 25, 2025 at 10:19am"
7f0ztg7hxnij0jo0bpla,2024-10-13T09:33:24Z,all_councils,2024-10-13T09:34:00.000Z,2024-10-13 09:34:00,"Oct 13, 2024 at 9:34am"
h9iihv5mmrtdc50a6ste,2025-04-01T10:42:38Z,all_councils,2025-04-01T10:54:00.000Z,2025-04-01 10:54:00,"Apr 1, 2025 at 10:54am"
jb8g9bxdqnamd98u6qsm,2025-04-10T10:19:58Z,all_councils,2025-04-10T10:21:00.000Z,2025-04-10 10:21:00,"Apr 10, 2025 at 10:21am"
0p4orrs1syxc5w51ikoa,2020-03-02T11:31:31Z,all_councils,2025-04-28T13:49:00.000Z,2025-04-28 13:49:00,"Apr 28, 2025 at 1:49pm"
c82guw5v3n74mltb795f,2024-09-20T03:09:49Z,all_councils,2024-09-20T03:10:00.000Z,2024-09-20 03:10:00,"Sep 20, 2024 at 3:10am"
3hvqhggtyxtvlry7qck8,2025-05-16T11:50:35Z,all_councils,2025-05-16T11:51:00.000Z,2025-05-16 11:51:00,"May 16, 2025 at 11:51am"
zlk66wdjd35ai34iec1c,2025-08-30T18:55:00Z,all_councils,2025-08-30T18:55:00.000Z,2025-08-30 18:55:00,"Aug 30, 2025 at 6:55pm"
qoo0qpsfe0nbfm9fenp0,2025-08-03T17:38:09Z,all_councils,2025-09-19T14:42:00.000Z,2025-09-19 14:42:00,"Sep 19, 2025 at 2:42pm"
54tmdghvkloxvh2blq9l,2025-09-09T06:08:59Z,all_councils,2025-09-09T06:09:00.000Z,2025-09-09 06:09:00,"Sep 9, 2025 at 6:09am"
ukgeqs9oiewusyqu1a9l,2025-09-17T15:45:44Z,all_councils,2025-09-17T15:46:00.000Z,2025-09-17 15:46:00,"Sep 17, 2025 at 3:46pm"
5f83omge8szdx5cx2yud,2025-07-11T12:40:27Z,all_councils,2025-07-11T12:40:00.000Z,2025-07-11 12:40:00,"Jul 11, 2025 at 12:40pm"
94szgblxy3otordcl8u3,2024-09-09T13:51:40Z,all_councils,2024-09-09T13:56:00.000Z,2024-09-09 13:56:00,"Sep 9, 2024 at 1:56pm"
nzo1rld6mo4avohd6kqw,2025-01-30T17:22:35Z,all_councils,2025-01-30T17:28:00.000Z,2025-01-30 17:28:00,"Jan 30, 2025 at 5:28pm"
ouvf726pghfx5k7fpz9v,2025-02-06T13:54:49Z,all_councils,2025-02-06T13:55:00.000Z,2025-02-06 13:55:00,"Feb 6, 2025 at 1:55pm"
nupfnu44wgdb4fieve0i,2021-11-07T20:32:08Z,all_councils,2024-08-16T12:03:00.000Z,2024-08-16 12:03:00,"Aug 16, 2024 at 12:03pm"
mtmu2p5cuucqtijwqpws,2019-04-08T12:53:49Z,all_councils,2024-12-31T15:57:00.000Z,2024-12-31 15:57:00,"Dec 31, 2024 at 3:57pm"
4o9h45qnt1rsdzi0lzgy,2025-08-25T14:21:46Z,all_councils,2025-08-25T14:22:00.000Z,2025-08-25 14:22:00,"Aug 25, 2025 at 2:22pm"
rzfnw3hqrh8k5ux0v8vz,2024-03-07T10:50:43Z,all_councils,2025-01-26T09:23:00.000Z,2025-01-26 09:23:00,"Jan 26, 2025 at 9:23am"
iyizf2n10adsv3yhn6st,2025-03-07T17:04:55Z,all_councils,2025-03-07T17:07:00.000Z,2025-03-07 17:07:00,"Mar 7, 2025 at 5:07pm"
zzzwin5teqhaiql27nr5,2024-08-14T08:47:06Z,all_councils,2024-08-14T08:47:00.000Z,2024-08-14 08:47:00,"Aug 14, 2024 at 8:47am"
47f23vz4vycwapxkwf0f,2025-09-24T12:04:37Z,all_councils,2025-09-24T12:07:00.000Z,2025-09-24 12:07:00,"Sep 24, 2025 at 12:07pm"
dz48fy3b7yejlhnghtdk,2025-09-24T06:39:49Z,all_councils,2025-09-24T06:40:00.000Z,2025-09-24 06:40:00,"Sep 24, 2025 at 6:40am"
wbrqtarcqnyqwozuni8c,2019-04-08T12:53:42Z,all_councils,2024-09-02T10:55:00.000Z,2024-09-02 10:55:00,"Sep 2, 2024 at 10:55am"
ocu6r8z19y305kra4oxc,2025-08-05T09:53:16Z,all_councils,2025-08-05T09:53:00.000Z,2025-08-05 09:53:00,"Aug 5, 2025 at 9:53am"
02zncb5s43p5rlgo9b38,2024-09-12T11:26:37Z,all_councils,2024-09-12T11:28:00.000Z,2024-09-12 11:28:00,"Sep 12, 2024 at 11:28am"
7v95d2whaajx9obdb895,2025-03-12T14:48:05Z,all_councils,2025-03-12T14:50:00.000Z,2025-03-12 14:50:00,"Mar 12, 2025 at 2:50pm"
afmp27zzfl7iy6ncs12j,2024-12-06T09:47:20Z,all_councils,2024-12-06T09:48:00.000Z,2024-12-06 09:48:00,"Dec 6, 2024 at 9:48am"
guemivp6fu71w3maabri,2025-07-03T10:29:13Z,all_councils,2025-07-03T10:29:00.000Z,2025-07-03 10:29:00,"Jul 3, 2025 at 10:29am"
90yqh131h0ezlh6533r7,2025-08-07T07:35:16Z,all_councils,2025-08-07T07:35:00.000Z,2025-08-07 07:35:00,"Aug 7, 2025 at 7:35am"
cnmjomogayzt3gszqxxz,2019-04-08T12:53:33Z,all_councils,2024-08-11T22:35:00.000Z,2024-08-11 22:35:00,"Aug 11, 2024 at 10:35pm"
56e2z166nzepdfqas6x1,2025-03-04T15:29:12Z,all_councils,2025-03-04T15:30:00.000Z,2025-03-04 15:30:00,"Mar 4, 2025 at 3:30pm"
vbardxrfu3cw878u4h5h,2025-06-10T20:10:45Z,all_councils,2025-06-10T20:11:00.000Z,2025-06-10 20:11:00,"Jun 10, 2025 at 8:11pm"
liritax13vneniwvymn6,2024-03-07T10:49:29Z,all_councils,2025-05-29T20:59:00.000Z,2025-05-29 20:59:00,"May 29, 2025 at 8:59pm"
djnupn2wu4x0ndf55rid,2025-03-05T13:38:37Z,all_councils,2025-03-05T13:39:00.000Z,2025-03-05 13:39:00,"Mar 5, 2025 at 1:39pm"
if5z66kkikqxeyrez3dj,2024-08-14T19:40:16Z,all_councils,2024-08-14T19:45:00.000Z,2024-08-14 19:45:00,"Aug 14, 2024 at 7:45pm"
orwm487yswtgfjusqn9x,2024-10-23T06:01:09Z,all_councils,2024-10-23T06:05:00.000Z,2024-10-23 06:05:00,"Oct 23, 2024 at 6:05am"
unq69hrr74m45461ek2b,2025-07-29T16:17:28Z,all_councils,2025-07-29T16:18:00.000Z,2025-07-29 16:18:00,"Jul 29, 2025 at 4:18pm"
vfsfgsyophx2nrfeis24,2025-06-14T22:49:47Z,all_councils,2025-06-14T22:50:00.000Z,2025-06-14 22:50:00,"Jun 14, 2025 at 10:50pm"
edfwucubmrwoyb7bzkmw,2025-04-04T05:08:24Z,all_councils,2025-04-04T05:08:00.000Z,2025-04-04 05:08:00,"Apr 4, 2025 at 5:08am"
a96g5ajwxri4a1ukgvni,2019-04-08T12:53:46Z,all_councils,2024-09-02T11:13:00.000Z,2024-09-02 11:13:00,"Sep 2, 2024 at 11:13am"
8sf5im6fwlm4uhhvcu4b,2024-03-07T10:49:27Z,all_councils,2024-09-01T12:25:00.000Z,2024-09-01 12:25:00,"Sep 1, 2024 at 12:25pm"
gb6nspa9bwk30mztpg6c,2025-09-04T12:12:27Z,all_councils,2025-09-04T12:12:00.000Z,2025-09-04 12:12:00,"Sep 4, 2025 at 12:12pm"
k608cen8spf582uakx9a,2025-08-25T10:35:21Z,all_councils,2025-08-25T10:35:00.000Z,2025-08-25 10:35:00,"Aug 25, 2025 at 10:35am"
bb7j5rnj25nqbubpb86f,2025-02-27T09:29:22Z,all_councils,2025-02-27T09:31:00.000Z,2025-02-27 09:31:00,"Feb 27, 2025 at 9:31am"
pztwbb8g8fuhxqe6nbbr,2019-04-08T12:53:31Z,all_councils,2024-09-02T22:29:00.000Z,2024-09-02 22:29:00,"Sep 2, 2024 at 10:29pm"
05cth52b2zsmi64x9j6d,2024-09-07T12:05:17Z,all_councils,2024-09-07T12:09:00.000Z,2024-09-07 12:09:00,"Sep 7, 2024 at 12:09pm"
oa3ypc1y04xifxpggj9h,2025-04-16T08:57:25Z,all_councils,2025-04-16T08:58:00.000Z,2025-04-16 08:58:00,"Apr 16, 2025 at 8:58am"
1vgkytz5gw4kqfsypsoa,2025-09-03T17:46:44Z,all_councils,2025-09-03T17:47:00.000Z,2025-09-03 17:47:00,"Sep 3, 2025 at 5:47pm"
jt7t82e2c990l168wd0z,2025-07-15T19:48:27Z,all_councils,2025-07-15T19:49:00.000Z,2025-07-15 19:49:00,"Jul 15, 2025 at 7:49pm"
l3fvpyt7l81nozo62qe6,2025-09-05T12:54:33Z,all_councils,2025-09-05T12:55:00.000Z,2025-09-05 12:55:00,"Sep 5, 2025 at 12:55pm"
wxgvjkz8ipcyarlzo0rl,2025-07-06T11:03:56Z,all_councils,2025-07-06T11:04:00.000Z,2025-07-06 11:04:00,"Jul 6, 2025 at 11:04am"
g13rjzj0b7dou6l65qyu,2025-04-10T11:53:37Z,all_councils,2025-04-10T11:54:00.000Z,2025-04-10 11:54:00,"Apr 10, 2025 at 11:54am"
3oo7emq1pgtsaxb004qi,2025-07-13T13:29:38Z,all_councils,2025-07-13T13:29:00.000Z,2025-07-13 13:29:00,"Jul 13, 2025 at 1:29pm"
2x9j6htv2uxy02x9uas9,2024-10-03T13:53:12Z,all_councils,2024-10-03T13:53:00.000Z,2024-10-03 13:53:00,"Oct 3, 2024 at 1:53pm"
ppvycdtixj4uwys3ixkh,2024-11-25T16:20:30Z,all_councils,2024-11-25T16:29:00.000Z,2024-11-25 16:29:00,"Nov 25, 2024 at 4:29pm"
crjopbf6brojvpxa9l7o,2025-08-14T06:47:45Z,all_councils,2025-08-14T06:48:00.000Z,2025-08-14 06:48:00,"Aug 14, 2025 at 6:48am"
qfbeputhbtahhnbqsptn,2024-09-12T12:08:49Z,all_councils,2024-09-12T12:18:00.000Z,2024-09-12 12:18:00,"Sep 12, 2024 at 12:18pm"
4yg6ym6fwg1v099ydkza,2025-03-03T21:18:58Z,all_councils,2025-03-03T21:19:00.000Z,2025-03-03 21:19:00,"Mar 3, 2025 at 9:19pm"
qgt3jsnarch4ix8iawue,2025-02-18T13:49:37Z,all_councils,2025-02-18T13:50:00.000Z,2025-02-18 13:50:00,"Feb 18, 2025 at 1:50pm"
c1ggnsbf7mddvxknjg4e,2025-05-31T12:56:56Z,all_councils,2025-05-31T12:57:00.000Z,2025-05-31 12:57:00,"May 31, 2025 at 12:57pm"
gx1cv6jmibvovmb1iaif,2019-04-08T12:54:10Z,all_councils,2024-11-10T14:01:00.000Z,2024-11-10 14:01:00,"Nov 10, 2024 at 2:01pm"
sv4nhv4errkfa45fr7ui,2025-07-13T21:25:58Z,all_councils,2025-07-13T21:26:00.000Z,2025-07-13 21:26:00,"Jul 13, 2025 at 9:26pm"
k1fve2dqy8gusyvbo5tb,2019-04-08T12:53:43Z,all_councils,2025-09-01T18:48:00.000Z,2025-09-01 18:48:00,"Sep 1, 2025 at 6:48pm"
i2maudpcb6t5oah9oebm,2024-11-19T20:27:13Z,all_councils,2024-11-19T20:27:00.000Z,2024-11-19 20:27:00,"Nov 19, 2024 at 8:27pm"
0fvz0dh2hydwrnz8jbre,2025-04-23T23:14:05Z,all_councils,2025-04-23T23:17:00.000Z,2025-04-23 23:17:00,"Apr 23, 2025 at 11:17pm"
562yn87kl7mq7gvjaury,2025-04-23T16:16:08Z,all_councils,2025-04-23T16:16:00.000Z,2025-04-23 16:16:00,"Apr 23, 2025 at 4:16pm"
1kdud4vwrfaaf06l5mwl,2025-08-07T20:48:18Z,all_councils,2025-08-07T20:48:00.000Z,2025-08-07 20:48:00,"Aug 7, 2025 at 8:48pm"
69l2bpji1rp2tj92s17t,2024-08-14T08:36:22Z,all_councils,2024-08-14T08:38:00.000Z,2024-08-14 08:38:00,"Aug 14, 2024 at 8:38am"
xjmj8xhlliydf90w2c2i,2025-07-08T14:29:10Z,all_councils,2025-07-08T14:36:00.000Z,2025-07-08 14:36:00,"Jul 8, 2025 at 2:36pm"
tdnmwpi9tfw08bpt6je0,2025-02-21T13:22:09Z,all_councils,2025-02-21T13:24:00.000Z,2025-02-21 13:24:00,"Feb 21, 2025 at 1:24pm"
2faoayqk24qndxndclkk,2024-09-22T12:29:14Z,all_councils,2024-09-22T12:34:00.000Z,2024-09-22 12:34:00,"Sep 22, 2024 at 12:34pm"
rtxwvlp1qfykser0dms2,2025-07-17T17:30:06Z,all_councils,2025-07-17T17:30:00.000Z,2025-07-17 17:30:00,"Jul 17, 2025 at 5:30pm"
vde0ikdo10sl7y7vjspj,2024-09-20T00:49:46Z,all_councils,2024-09-20T00:50:00.000Z,2024-09-20 00:50:00,"Sep 20, 2024 at 12:50am"
u04gpr1fzi5cp2unt3bl,2025-04-05T02:26:03Z,all_councils,2025-04-05T02:27:00.000Z,2025-04-05 02:27:00,"Apr 5, 2025 at 2:27am"
9er08y1ohjz1dng4ffof,2025-03-19T12:13:19Z,all_councils,2025-03-19T12:13:00.000Z,2025-03-19 12:13:00,"Mar 19, 2025 at 12:13pm"
pnoypzidjnsszszkmpcu,2019-04-08T22:04:03Z,all_councils,2024-08-12T17:03:00.000Z,2024-08-12 17:03:00,"Aug 12, 2024 at 5:03pm"
dmlxdwp36dretikc0jhh,2021-04-12T11:28:57Z,all_councils,2024-09-06T16:03:00.000Z,2024-09-06 16:03:00,"Sep 6, 2024 at 4:03pm"
6v0vvpu8pur2mcps6poo,2025-06-12T11:38:44Z,all_councils,2025-06-12T11:39:00.000Z,2025-06-12 11:39:00,"Jun 12, 2025 at 11:39am"
gvec09qmisxim67db4lo,2025-07-10T17:03:41Z,all_councils,2025-07-10T17:05:00.000Z,2025-07-10 17:05:00,"Jul 10, 2025 at 5:05pm"
kjbw1fhb7hy2dsryfq8e,2019-04-08T12:53:48Z,all_councils,2025-01-16T15:25:00.000Z,2025-01-16 15:25:00,"Jan 16, 2025 at 3:25pm"
8oguy4hhbj6na6hvyjw3,2025-03-28T14:03:05Z,all_councils,2025-03-28T14:03:00.000Z,2025-03-28 14:03:00,"Mar 28, 2025 at 2:03pm"
q6tphyio9sxqmf5jdqek,2019-04-08T12:53:50Z,all_councils,2025-02-01T12:20:00.000Z,2025-02-01 12:20:00,"Feb 1, 2025 at 12:20pm"
2pnmwr1w8tgsr4f69pke,2024-12-14T13:29:36Z,all_councils,2024-12-14T13:29:00.000Z,2024-12-14 13:29:00,"Dec 14, 2024 at 1:29pm"
nh5o82y6mpvzjvluktqc,2025-06-09T20:16:24Z,all_councils,2025-06-09T20:17:00.000Z,2025-06-09 20:17:00,"Jun 9, 2025 at 8:17pm"
qpekddqxhkv4mvvbndsm,2019-11-19T12:39:24Z,all_councils,2024-09-03T21:05:00.000Z,2024-09-03 21:05:00,"Sep 3, 2024 at 9:05pm"
73tkcddc3zkl6u98ntsu,2025-08-05T17:53:22Z,all_councils,2025-08-05T17:53:00.000Z,2025-08-05 17:53:00,"Aug 5, 2025 at 5:53pm"
qd8jx5mt7pc77wpis2fr,2025-08-26T07:39:17Z,all_councils,2025-08-26T07:39:00.000Z,2025-08-26 07:39:00,"Aug 26, 2025 at 7:39am"
6uj5cen5yrz088qe2sok,2023-03-18T17:34:27Z,all_councils,2024-09-08T20:25:00.000Z,2024-09-08 20:25:00,"Sep 8, 2024 at 8:25pm"
h8rn1tezcf9vzi6zb83a,2024-08-01T16:11:26Z,all_councils,2024-12-02T12:45:00.000Z,2024-12-02 12:45:00,"Dec 2, 2024 at 12:45pm"
iy1m9znqzyic6o3q41xs,2025-09-09T09:18:06Z,all_councils,2025-09-09T09:19:00.000Z,2025-09-09 09:19:00,"Sep 9, 2025 at 9:19am"
pauqfkse38os6ns3vouo,2019-04-08T12:53:30Z,all_councils,2025-02-07T18:36:00.000Z,2025-02-07 18:36:00,"Feb 7, 2025 at 6:36pm"
nek1nszk9k2u6n9b4e7j,2025-07-24T06:05:52Z,all_councils,2025-07-24T06:08:00.000Z,2025-07-24 06:08:00,"Jul 24, 2025 at 6:08am"
7j3xztxkjijw76g0ou1q,2024-03-07T10:49:29Z,all_councils,2025-07-26T14:57:00.000Z,2025-07-26 14:57:00,"Jul 26, 2025 at 2:57pm"
jm4r078573ibuuqr1649,2025-05-19T12:14:48Z,bristol,2025-05-19T12:16:00.000Z,2025-05-19 12:16:00,"May 19, 2025 at 12:16pm"
duzvny17whdky7uvj2ws,2025-04-13T13:22:35Z,bristol,2025-04-13T13:23:00.000Z,2025-04-13 13:23:00,"Apr 13, 2025 at 1:23pm"
t0s65mcyi4r815wey8ox,2025-06-20T01:29:16Z,bristol,2025-06-20T01:29:00.000Z,2025-06-20 01:29:00,"Jun 20, 2025 at 1:29am"
hltlifvwg069ce9pnchc,2025-03-06T11:25:26Z,bristol,2025-03-06T11:25:00.000Z,2025-03-06 11:25:00,"Mar 6, 2025 at 11:25am"
7iwa4lygb5ubakrknjgv,2025-03-04T16:40:39Z,bristol,2025-03-04T16:46:00.000Z,2025-03-04 16:46:00,"Mar 4, 2025 at 4:46pm"
ity136qff47tl413fw11,2025-06-27T13:40:07Z,bristol,2025-06-27T13:42:00.000Z,2025-06-27 13:42:00,"Jun 27, 2025 at 1:42pm"
1qehthlarea8v39oqmza,2025-03-20T13:41:35Z,bristol,2025-03-20T13:56:00.000Z,2025-03-20 13:56:00,"Mar 20, 2025 at 1:56pm"
ia3fuw34ubrctsa6l7vh,2025-03-10T09:47:47Z,bristol,2025-03-10T09:48:00.000Z,2025-03-10 09:48:00,"Mar 10, 2025 at 9:48am"
mj5y99o7sdssex6elr9q,2025-03-10T08:01:30Z,bristol,2025-03-10T08:04:00.000Z,2025-03-10 08:04:00,"Mar 10, 2025 at 8:04am"
rq1r0r509ha05ydsonho,2025-04-16T18:42:02Z,bristol,2025-04-16T18:42:00.000Z,2025-04-16 18:42:00,"Apr 16, 2025 at 6:42pm"
6mbfn2si1gc7fk4vuo5v,2025-09-15T09:07:29Z,bristol,2025-09-15T09:08:00.000Z,2025-09-15 09:08:00,"Sep 15, 2025 at 9:08am"
3cvmkkhd7b257mkvjmah,2025-09-08T20:00:25Z,bristol,2025-09-08T20:00:00.000Z,2025-09-08 20:00:00,"Sep 8, 2025 at 8:00pm"
nbnnpdorx1jtx17dykxi,2025-08-21T22:03:29Z,bristol,2025-08-21T22:03:00.000Z,2025-08-21 22:03:00,"Aug 21, 2025 at 10:03pm"
w4zf6ssl4zx9ghcqnxjk,2025-05-12T06:49:28Z,bristol,2025-05-12T06:50:00.000Z,2025-05-12 06:50:00,"May 12, 2025 at 6:50am"
eohtaa6qa2dw88tmne6w,2025-05-18T07:19:48Z,bristol,2025-05-18T07:20:00.000Z,2025-05-18 07:20:00,"May 18, 2025 at 7:20am"
jcbaaz66e0ga6ie8mxqx,2025-06-23T07:38:47Z,bristol,2025-06-23T07:39:00.000Z,2025-06-23 07:39:00,"Jun 23, 2025 at 7:39am"
dwdx2r43aqvc7z885lt7,2025-06-14T15:09:11Z,bristol,2025-06-14T15:09:00.000Z,2025-06-14 15:09:00,"Jun 14, 2025 at 3:09pm"
8gmfj4oxl7wd1r7d2re5,2025-05-26T12:45:15Z,bristol,2025-05-26T12:45:00.000Z,2025-05-26 12:45:00,"May 26, 2025 at 12:45pm"
w0dxqjygjw5mhur8zdwl,2025-03-07T08:11:06Z,bristol,2025-03-07T08:11:00.000Z,2025-03-07 08:11:00,"Mar 7, 2025 at 8:11am"
scz596jpdaokyrzt0u2y,2025-08-30T12:46:51Z,bristol,2025-08-30T12:47:00.000Z,2025-08-30 12:47:00,"Aug 30, 2025 at 12:47pm"
rais9r6411e6vxl2jpkd,2025-02-27T09:42:44Z,bristol,2025-02-27T09:43:00.000Z,2025-02-27 09:43:00,"Feb 27, 2025 at 9:43am"
er0ehk7tdt86nfbvw38k,2025-08-28T14:06:13Z,bristol,2025-08-28T14:06:00.000Z,2025-08-28 14:06:00,"Aug 28, 2025 at 2:06pm"
h1ir56c4kxlprla6h13c,2025-06-02T08:31:36Z,bristol,2025-06-02T08:35:00.000Z,2025-06-02 08:35:00,"Jun 2, 2025 at 8:35am"
z96b4cl5xll47a0b7vie,2025-04-11T06:59:58Z,bristol,2025-04-11T07:02:00.000Z,2025-04-11 07:02:00,"Apr 11, 2025 at 7:02am"
b2zyg199o6heseujute3,2025-07-29T07:31:46Z,bristol,2025-07-29T07:33:00.000Z,2025-07-29 07:33:00,"Jul 29, 2025 at 7:33am"
cze2j7a87l7or0zk95k6,2025-09-11T05:14:55Z,bristol,2025-09-11T05:15:00.000Z,2025-09-11 05:15:00,"Sep 11, 2025 at 5:15am"
fp1bea619mi0xx7bsuc2,2025-03-26T20:26:04Z,bristol,2025-03-26T20:31:00.000Z,2025-03-26 20:31:00,"Mar 26, 2025 at 8:31pm"
x68p9hw4lvfw21u3y3o8,2025-03-05T06:28:26Z,bristol,2025-03-05T06:29:00.000Z,2025-03-05 06:29:00,"Mar 5, 2025 at 6:29am"
deh3x6r5rdw870q7unny,2025-03-22T13:46:19Z,bristol,2025-03-22T13:46:00.000Z,2025-03-22 13:46:00,"Mar 22, 2025 at 1:46pm"
06li03m73mmi4w200080,2025-03-09T08:15:18Z,bristol,2025-03-09T08:16:00.000Z,2025-03-09 08:16:00,"Mar 9, 2025 at 8:16am"
3nudofoxy2k96ch0jv3h,2025-03-07T16:54:27Z,bristol,2025-03-07T16:56:00.000Z,2025-03-07 16:56:00,"Mar 7, 2025 at 4:56pm"
lj8ik4fzx0y48vjnqziq,2025-06-28T19:57:18Z,bristol,2025-06-28T19:57:00.000Z,2025-06-28 19:57:00,"Jun 28, 2025 at 7:57pm"
lc383mxkcfkf990vrmfe,2025-07-17T14:48:44Z,bristol,2025-07-17T14:49:00.000Z,2025-07-17 14:49:00,"Jul 17, 2025 at 2:49pm"
mqflg77zsinho2bu6zu4,2025-03-04T10:52:17Z,bristol,2025-03-04T10:53:00.000Z,2025-03-04 10:53:00,"Mar 4, 2025 at 10:53am"
824tm7p536mjnc9iaehd,2025-02-12T11:49:39Z,bristol,2025-02-12T11:50:00.000Z,2025-02-12 11:50:00,"Feb 12, 2025 at 11:50am"
ejv8b5qb97bjxadlzflv,2025-04-24T09:57:04Z,bristol,2025-04-24T09:57:00.000Z,2025-04-24 09:57:00,"Apr 24, 2025 at 9:57am"
791c6c9g7h1rkxvezfwb,2025-06-01T09:00:52Z,bristol,2025-06-01T09:01:00.000Z,2025-06-01 09:01:00,"Jun 1, 2025 at 9:01am"
8vx6cf8hxr9zhwdxuln4,2025-03-05T20:08:05Z,bristol,2025-03-05T20:09:00.000Z,2025-03-05 20:09:00,"Mar 5, 2025 at 8:09pm"
vcsgbtftpyrw1suj7zg8,2025-03-19T00:02:16Z,bristol,2025-04-12T13:43:00.000Z,2025-04-12 13:43:00,"Apr 12, 2025 at 1:43pm"
772fbeh0u0iwgz8i54kr,2025-03-23T10:10:22Z,bristol,2025-03-23T10:11:00.000Z,2025-03-23 10:11:00,"Mar 23, 2025 at 10:11am"
fromd2u72egeksrjb1ah,2025-04-13T11:42:27Z,bristol,2025-04-13T11:43:00.000Z,2025-04-13 11:43:00,"Apr 13, 2025 at 11:43am"
zjibsgz95aiv7ptzyu0p,2025-05-29T18:14:30Z,bristol,2025-05-29T18:14:00.000Z,2025-05-29 18:14:00,"May 29, 2025 at 6:14pm"
vesrejvkg1glvv8qsu7d,2025-09-09T23:46:22Z,bristol,2025-09-09T23:46:00.000Z,2025-09-09 23:46:00,"Sep 9, 2025 at 11:46pm"
sb7nbswoekst9gsmcgrz,2019-04-08T12:54:03Z,bristol,2025-08-20T18:50:00.000Z,2025-08-20 18:50:00,"Aug 20, 2025 at 6:50pm"
vetdyg3tw48rzldgiem1,2025-03-10T07:24:54Z,bristol,2025-03-10T07:27:00.000Z,2025-03-10 07:27:00,"Mar 10, 2025 at 7:27am"
flzcsxqbgeauokufeebo,2025-05-11T21:02:35Z,bristol,2025-05-11T21:02:00.000Z,2025-05-11 21:02:00,"May 11, 2025 at 9:02pm"
1j4b1aaynlozmdb2crr1,2025-04-08T17:42:14Z,bristol,2025-04-08T17:42:00.000Z,2025-04-08 17:42:00,"Apr 8, 2025 at 5:42pm"
gfl9wku1lhq4xq4m2mii,2025-08-05T18:53:25Z,bristol,2025-08-05T18:53:00.000Z,2025-08-05 18:53:00,"Aug 5, 2025 at 6:53pm"
9x0xrl1jwnlyfosavt1v,2025-03-03T18:51:25Z,bristol,2025-03-03T18:54:00.000Z,2025-03-03 18:54:00,"Mar 3, 2025 at 6:54pm"
gxncaw3i9rl9t1j8uvrh,2025-04-07T12:53:15Z,bristol,2025-04-07T12:53:00.000Z,2025-04-07 12:53:00,"Apr 7, 2025 at 12:53pm"
e1yf5kpoclvybkjpu336,2025-03-30T18:48:44Z,bristol,2025-03-30T18:49:00.000Z,2025-03-30 18:49:00,"Mar 30, 2025 at 6:49pm"
66q383vzmxbmyn4gyy3u,2025-08-01T11:47:18Z,bristol,2025-08-01T11:47:00.000Z,2025-08-01 11:47:00,"Aug 1, 2025 at 11:47am"
yqcnytt6haq3e8b1mubd,2025-09-17T09:51:31Z,bristol,2025-09-17T09:52:00.000Z,2025-09-17 09:52:00,"Sep 17, 2025 at 9:52am"
rix5rsaniynyr16qrp5i,2019-04-08T12:54:08Z,bristol,2025-04-23T08:16:00.000Z,2025-04-23 08:16:00,"Apr 23, 2025 at 8:16am"
s2iu4bpmmyir1llelusl,2025-07-01T19:57:44Z,bristol,2025-07-01T19:59:00.000Z,2025-07-01 19:59:00,"Jul 1, 2025 at 7:59pm"
zsnr0clzxph1l3v1wiw0,2025-07-21T17:29:12Z,bristol,2025-07-21T17:29:00.000Z,2025-07-21 17:29:00,"Jul 21, 2025 at 5:29pm"
6fit5q2dppuqko7ercam,2025-09-08T12:51:08Z,bristol,2025-09-08T12:51:00.000Z,2025-09-08 12:51:00,"Sep 8, 2025 at 12:51pm"
j77iz9ftgnhcmcx9e2as,2025-05-19T09:30:05Z,bristol,2025-07-17T15:35:00.000Z,2025-07-17 15:35:00,"Jul 17, 2025 at 3:35pm"
j4v0t4hctzip3l52nfsk,2025-05-21T20:07:03Z,bristol,2025-05-21T20:07:00.000Z,2025-05-21 20:07:00,"May 21, 2025 at 8:07pm"
rnniayuxip5d2ukiqsem,2025-03-03T19:38:13Z,bristol,2025-03-03T19:39:00.000Z,2025-03-03 19:39:00,"Mar 3, 2025 at 7:39pm"
teu632ivenelfz1vb1tx,2025-06-05T14:04:13Z,bristol,2025-06-05T14:05:00.000Z,2025-06-05 14:05:00,"Jun 5, 2025 at 2:05pm"
idf3o7yv892dzcgyzw83,2025-02-13T11:14:03Z,bristol,2025-02-17T14:23:00.000Z,2025-02-17 14:23:00,"Feb 17, 2025 at 2:23pm"
hjoarin1hhryqirndfq4,2025-05-01T19:27:23Z,bristol,2025-05-01T19:27:00.000Z,2025-05-01 19:27:00,"May 1, 2025 at 7:27pm"
swjf724sygmjlhllkfsb,2025-06-05T17:58:11Z,bristol,2025-06-05T17:59:00.000Z,2025-06-05 17:59:00,"Jun 5, 2025 at 5:59pm"
zd1p0caouuped9px3cq7,2025-07-30T15:56:43Z,bristol,2025-07-30T15:57:00.000Z,2025-07-30 15:57:00,"Jul 30, 2025 at 3:57pm"
avzasneylk8dlys4tzg1,2025-03-15T21:30:24Z,bristol,2025-03-15T21:32:00.000Z,2025-03-15 21:32:00,"Mar 15, 2025 at 9:32pm"
n5ap58cgkmhzlg3m8li0,2025-07-01T07:36:02Z,bristol,2025-07-01T07:38:00.000Z,2025-07-01 07:38:00,"Jul 1, 2025 at 7:38am"
ftx9v2gox2va3iy3q0ul,2025-03-14T14:31:44Z,bristol,2025-03-14T14:32:00.000Z,2025-03-14 14:32:00,"Mar 14, 2025 at 2:32pm"
f6suyqahb3sfb65azn5d,2025-03-10T08:14:45Z,bristol,2025-03-10T08:16:00.000Z,2025-03-10 08:16:00,"Mar 10, 2025 at 8:16am"
89725zuelhaau3ge5h25,2025-06-02T19:48:25Z,bristol,2025-06-02T19:48:00.000Z,2025-06-02 19:48:00,"Jun 2, 2025 at 7:48pm"
d4zpp9u9eqmz2ct2b4qt,2025-09-08T16:58:54Z,bristol,2025-09-08T16:59:00.000Z,2025-09-08 16:59:00,"Sep 8, 2025 at 4:59pm"
twxd37rclxe29imakdg1,2025-03-27T19:10:46Z,bristol,2025-03-27T19:11:00.000Z,2025-03-27 19:11:00,"Mar 27, 2025 at 7:11pm"
2dicsqzwiywvhzrnxw9a,2019-10-30T21:59:34Z,bristol,2025-03-04T12:42:00.000Z,2025-03-04 12:42:00,"Mar 4, 2025 at 12:42pm"
8xrlzp494x5r0mayyvvv,2025-03-02T17:22:53Z,bristol,2025-03-02T17:23:00.000Z,2025-03-02 17:23:00,"Mar 2, 2025 at 5:23pm"
d02cinqk7v5dbgfsr38f,2025-09-25T21:18:21Z,bristol,2025-09-25T21:18:00.000Z,2025-09-25 21:18:00,"Sep 25, 2025 at 9:18pm"
i2cbq18zcuog3p1mcq0c,2025-03-03T20:22:21Z,bristol,2025-03-03T20:22:00.000Z,2025-03-03 20:22:00,"Mar 3, 2025 at 8:22pm"
z9ua8tb0qf3i40vf3erb,2025-04-24T11:30:00Z,bristol,2025-04-24T11:30:00.000Z,2025-04-24 11:30:00,"Apr 24, 2025 at 11:30am"
qushogjdixh3zo5m8hap,2019-04-08T12:53:18Z,bristol,2025-02-26T10:01:00.000Z,2025-02-26 10:01:00,"Feb 26, 2025 at 10:01am"
ws1yeykw3b2bal4rlz0c,2025-05-26T09:03:29Z,bristol,2025-05-26T09:05:00.000Z,2025-05-26 09:05:00,"May 26, 2025 at 9:05am"
yoy0arxtlwqaczdq452x,2025-06-09T10:24:04Z,bristol,2025-06-09T10:24:00.000Z,2025-06-09 10:24:00,"Jun 9, 2025 at 10:24am"
qa6mmqr5qpcxh4xwyt4h,2025-06-19T06:09:22Z,bristol,2025-06-19T06:09:00.000Z,2025-06-19 06:09:00,"Jun 19, 2025 at 6:09am"
y0t6ha8citu06p51aahq,2025-09-08T11:51:45Z,bristol,2025-09-08T11:52:00.000Z,2025-09-08 11:52:00,"Sep 8, 2025 at 11:52am"
0qymjappzn4tqqhyxev5,2025-09-08T11:39:09Z,bristol,2025-09-08T11:40:00.000Z,2025-09-08 11:40:00,"Sep 8, 2025 at 11:40am"
jrmxsa775g9npng6e6js,2025-03-16T09:01:27Z,bristol,2025-03-16T09:03:00.000Z,2025-03-16 09:03:00,"Mar 16, 2025 at 9:03am"
snxyk8tfo05rd92nfyfz,2025-05-24T08:29:32Z,bristol,2025-05-24T08:29:00.000Z,2025-05-24 08:29:00,"May 24, 2025 at 8:29am"
t228kqqm34cn84jpq6q7,2025-03-30T12:19:08Z,bristol,2025-03-30T12:19:00.000Z,2025-03-30 12:19:00,"Mar 30, 2025 at 12:19pm"
irhx9i31mf4buvx6keyd,2025-03-04T08:57:50Z,bristol,2025-03-04T09:02:00.000Z,2025-03-04 09:02:00,"Mar 4, 2025 at 9:02am"
mucib74mp3dlwe3zupup,2025-03-07T09:51:44Z,bristol,2025-03-07T09:53:00.000Z,2025-03-07 09:53:00,"Mar 7, 2025 at 9:53am"
7k0a2nlpue8n5yljb574,2025-03-04T18:26:43Z,bristol,2025-03-04T18:29:00.000Z,2025-03-04 18:29:00,"Mar 4, 2025 at 6:29pm"
r558pasa91rt2554de6p,2025-09-14T19:51:26Z,bristol,2025-09-14T19:51:00.000Z,2025-09-14 19:51:00,"Sep 14, 2025 at 7:51pm"
6p5lhud3pt96oeyzou6t,2025-06-26T18:16:00Z,bristol,2025-06-26T18:16:00.000Z,2025-06-26 18:16:00,"Jun 26, 2025 at 6:16pm"
v3tkkwu3oaigaw8otd87,2025-03-10T07:41:16Z,bristol,2025-03-10T07:41:00.000Z,2025-03-10 07:41:00,"Mar 10, 2025 at 7:41am"
vimbv3y3jcs127kxyeav,2025-03-04T10:23:20Z,bristol,2025-03-04T10:24:00.000Z,2025-03-04 10:24:00,"Mar 4, 2025 at 10:24am"
stw3dlhnftd3xxdyglq4,2025-03-10T14:06:00Z,bristol,2025-03-10T14:07:00.000Z,2025-03-10 14:07:00,"Mar 10, 2025 at 2:07pm"
bue35icgispmpx5263k2,2025-09-08T10:42:00Z,bristol,2025-09-08T10:42:00.000Z,2025-09-08 10:42:00,"Sep 8, 2025 at 10:42am"
e19mhmowicuwnva9an8v,2025-03-07T11:20:22Z,bristol,2025-03-07T11:20:00.000Z,2025-03-07 11:20:00,"Mar 7, 2025 at 11:20am"
ug0661ybggtj66dpb8m8,2025-09-13T06:34:58Z,bristol,2025-09-13T06:35:00.000Z,2025-09-13 06:35:00,"Sep 13, 2025 at 6:35am"
ui3qqra3m0oho4eswtnw,2025-04-09T16:40:56Z,bristol,2025-04-09T16:41:00.000Z,2025-04-09 16:41:00,"Apr 9, 2025 at 4:41pm"
wfjgidspzublmw1dx082,2025-03-03T11:23:05Z,bristol,2025-03-03T11:23:00.000Z,2025-03-03 11:23:00,"Mar 3, 2025 at 11:23am"
6igt8nmxyfxoytyv6f87,2025-03-03T19:24:00Z,bristol,2025-04-11T20:55:00.000Z,2025-04-11 20:55:00,"Apr 11, 2025 at 8:55pm"
hfepl6tvf3n6u4tbyfec,2025-04-02T07:49:10Z,bristol,2025-04-02T07:49:00.000Z,2025-04-02 07:49:00,"Apr 2, 2025 at 7:49am"
2n7k625e45sfvfydfl1j,2025-04-07T19:38:54Z,bristol,2025-04-07T19:39:00.000Z,2025-04-07 19:39:00,"Apr 7, 2025 at 7:39pm"
vekkl39nfu1im5r8nlq1,2025-05-28T17:08:34Z,bristol,2025-05-28T17:09:00.000Z,2025-05-28 17:09:00,"May 28, 2025 at 5:09pm"
a9mul1qj1dqmtu957g1g,2025-07-28T10:16:31Z,bristol,2025-07-28T10:16:00.000Z,2025-07-28 10:16:00,"Jul 28, 2025 at 10:16am"
2heels2h03p8c7d5js0w,2025-07-18T09:36:23Z,bristol,2025-07-18T09:37:00.000Z,2025-07-18 09:37:00,"Jul 18, 2025 at 9:37am"
cvj93dqcbwzu1p0qitvc,2025-09-09T11:08:44Z,bristol,2025-09-09T11:09:00.000Z,2025-09-09 11:09:00,"Sep 9, 2025 at 11:09am"
vrut4nsgnx5l7enx0adj,2025-08-09T23:25:03Z,bristol,2025-08-09T23:25:00.000Z,2025-08-09 23:25:00,"Aug 9, 2025 at 11:25pm"
leic8c41h82dqstzsmct,2025-03-03T18:46:13Z,bristol,2025-03-03T18:46:00.000Z,2025-03-03 18:46:00,"Mar 3, 2025 at 6:46pm"
tbj0srf573oy4o0fcwli,2025-08-09T15:02:09Z,bristol,2025-08-09T15:02:00.000Z,2025-08-09 15:02:00,"Aug 9, 2025 at 3:02pm"
hzpuk0fzxohfgl291tqh,2025-03-07T13:25:42Z,bristol,2025-03-07T13:26:00.000Z,2025-03-07 13:26:00,"Mar 7, 2025 at 1:26pm"
oagjgozpzj7a9d4z3t2o,2025-03-29T22:49:45Z,bristol,2025-03-29T22:50:00.000Z,2025-03-29 22:50:00,"Mar 29, 2025 at 10:50pm"
xehgchy7uf1t0cgb79be,2025-06-01T06:39:09Z,bristol,2025-06-01T06:39:00.000Z,2025-06-01 06:39:00,"Jun 1, 2025 at 6:39am"
6b2aimjpnk4w8tk01wu2,2025-06-02T05:17:46Z,bristol,2025-06-02T05:18:00.000Z,2025-06-02 05:18:00,"Jun 2, 2025 at 5:18am"
o93kj4hs1qxky5shopgp,2021-05-22T12:24:49Z,bristol,2025-06-28T08:27:00.000Z,2025-06-28 08:27:00,"Jun 28, 2025 at 8:27am"
skuzodhg6cv2p5004729,2025-06-30T06:52:37Z,bristol,2025-06-30T06:52:00.000Z,2025-06-30 06:52:00,"Jun 30, 2025 at 6:52am"
k2mtcorpddut3y51x9sn,2021-04-12T11:29:05Z,edinburgh,2025-07-15T15:54:00.000Z,2025-07-15 15:54:00,"Jul 15, 2025 at 3:54pm"
hvic8y4ajwprs6vbxgd9,2022-05-16T16:08:45Z,glasgow,2025-07-17T10:58:00.000Z,2025-07-17 10:58:00,"Jul 17, 2025 at 10:58am"
h8wgnwa54j853gi8t885,2021-04-12T11:28:50Z,glasgow,2025-06-19T09:38:00.000Z,2025-06-19 09:38:00,"Jun 19, 2025 at 9:38am"
i94pvfwfoecdg6p2t98a,2024-09-09T16:12:30Z,greenwich,2024-09-09T16:13:00.000Z,2024-09-09 16:13:00,"Sep 9, 2024 at 4:13pm"
t6hihb5gq235iptheioe,2024-08-10T11:02:45Z,greenwich,2024-08-10T11:03:00.000Z,2024-08-10 11:03:00,"Aug 10, 2024 at 11:03am"
7n1m1506flj4amhfjdnk,2024-11-16T16:20:26Z,greenwich,2024-11-16T16:21:00.000Z,2024-11-16 16:21:00,"Nov 16, 2024 at 4:21pm"
815mq512bxnexb83gp4j,2024-10-01T07:43:34Z,greenwich,2024-10-01T07:47:00.000Z,2024-10-01 07:47:00,"Oct 1, 2024 at 7:47am"
jb8iw5mee3m2kh1opiyq,2024-09-11T19:33:43Z,greenwich,2024-09-11T19:36:00.000Z,2024-09-11 19:36:00,"Sep 11, 2024 at 7:36pm"
ofnabqkjb59uc02zpar9,2024-03-07T10:49:27Z,greenwich,2024-09-05T14:02:00.000Z,2024-09-05 14:02:00,"Sep 5, 2024 at 2:02pm"
mkgvnmpjotq070uq446y,2024-09-21T16:16:53Z,greenwich,2024-09-21T16:17:00.000Z,2024-09-21 16:17:00,"Sep 21, 2024 at 4:17pm"
p7uzbd78zkscgbsz15ej,2024-09-11T17:52:35Z,greenwich,2024-09-11T17:54:00.000Z,2024-09-11 17:54:00,"Sep 11, 2024 at 5:54pm"
wpn8dgvgufsvj59ppwfs,2019-04-08T12:53:31Z,greenwich,2024-09-06T15:55:00.000Z,2024-09-06 15:55:00,"Sep 6, 2024 at 3:55pm"
ncjqf0dni3e693oifbxs,2024-09-12T04:54:26Z,greenwich,2024-09-12T04:55:00.000Z,2024-09-12 04:55:00,"Sep 12, 2024 at 4:55am"
22ll8ja48k1fosb6tdpw,2024-09-10T15:57:49Z,greenwich,2024-09-10T15:58:00.000Z,2024-09-10 15:58:00,"Sep 10, 2024 at 3:58pm"
f2b01ir5135lubr6wrua,2024-11-25T14:43:47Z,greenwich,2024-11-25T14:50:00.000Z,2024-11-25 14:50:00,"Nov 25, 2024 at 2:50pm"
njh30to62ceso9ix3bzr,2024-09-11T21:01:00Z,greenwich,2024-09-11T21:09:00.000Z,2024-09-11 21:09:00,"Sep 11, 2024 at 9:09pm"
5j0l6tqwazf41lwvi6ja,2025-06-09T21:33:21Z,greenwich,2025-06-09T21:34:00.000Z,2025-06-09 21:34:00,"Jun 9, 2025 at 9:34pm"
fiwez7oc77r789ito3d6,2024-11-30T10:27:21Z,greenwich,2024-12-24T14:03:00.000Z,2024-12-24 14:03:00,"Dec 24, 2024 at 2:03pm"
qxkxnsusqmqtqm8heiuu,2024-09-12T13:26:38Z,greenwich,2024-09-12T13:28:00.000Z,2024-09-12 13:28:00,"Sep 12, 2024 at 1:28pm"
pmezc3fxssnita6xvsad,2019-04-08T12:53:41Z,greenwich,2024-11-26T13:33:00.000Z,2024-11-26 13:33:00,"Nov 26, 2024 at 1:33pm"
l7mu4nnt52h4h74opbfl,2024-12-21T13:09:43Z,greenwich,2024-12-21T13:10:00.000Z,2024-12-21 13:10:00,"Dec 21, 2024 at 1:10pm"
qct9yea86kmxffm57lys,2024-09-13T14:28:45Z,greenwich,2024-09-13T14:31:00.000Z,2024-09-13 14:31:00,"Sep 13, 2024 at 2:31pm"
k2mt08o9j3ghq2i7jpx6,2025-06-26T12:44:08Z,greenwich,2025-06-26T12:44:00.000Z,2025-06-26 12:44:00,"Jun 26, 2025 at 12:44pm"
mnmd5cpr7a6fn9nhv4zf,2024-09-10T14:01:27Z,greenwich,2024-09-10T14:09:00.000Z,2024-09-10 14:09:00,"Sep 10, 2024 at 2:09pm"
v21do96e0rdjw8cenntb,2024-09-12T12:39:09Z,greenwich,2024-09-12T12:39:00.000Z,2024-09-12 12:39:00,"Sep 12, 2024 at 12:39pm"
3w0kcs6yl22d9ser7owd,2024-11-28T12:43:24Z,greenwich,2024-11-28T12:43:00.000Z,2024-11-28 12:43:00,"Nov 28, 2024 at 12:43pm"
6rmf2jpgdj9awrtkfqu0,2024-12-01T18:50:03Z,greenwich,2024-12-01T18:52:00.000Z,2024-12-01 18:52:00,"Dec 1, 2024 at 6:52pm"
z8nuwaaims23lrb55nr7,2024-09-14T12:55:45Z,greenwich,2024-09-14T12:56:00.000Z,2024-09-14 12:56:00,"Sep 14, 2024 at 12:56pm"
7sqrgrrlura28vmiv8qr,2024-09-12T20:43:48Z,greenwich,2024-09-12T20:45:00.000Z,2024-09-12 20:45:00,"Sep 12, 2024 at 8:45pm"
rh3xa23u7sshuv2xxqm9,2024-09-12T15:25:04Z,greenwich,2024-09-12T15:25:00.000Z,2024-09-12 15:25:00,"Sep 12, 2024 at 3:25pm"
ipkb3kmgiriipxlzwypq,2024-09-11T16:42:45Z,greenwich,2024-09-11T16:43:00.000Z,2024-09-11 16:43:00,"Sep 11, 2024 at 4:43pm"
5iti2mf9kf5zs3meycas,2024-08-29T16:41:36Z,greenwich,2024-08-29T16:43:00.000Z,2024-08-29 16:43:00,"Aug 29, 2024 at 4:43pm"
wtr6jx3w45bbe1djnqwn,2024-11-23T18:13:20Z,greenwich,2024-11-23T18:16:00.000Z,2024-11-23 18:16:00,"Nov 23, 2024 at 6:16pm"
ndszuhtasscqykdobymz,2019-04-08T12:53:52Z,greenwich,2024-09-03T06:07:00.000Z,2024-09-03 06:07:00,"Sep 3, 2024 at 6:07am"
rjvge2781fdzj5n3iia8,2024-09-09T20:02:58Z,greenwich,2024-09-09T20:06:00.000Z,2024-09-09 20:06:00,"Sep 9, 2024 at 8:06pm"
dujywx0d2prr5ay097wo,2024-09-23T09:14:16Z,greenwich,2024-09-23T09:14:00.000Z,2024-09-23 09:14:00,"Sep 23, 2024 at 9:14am"
c843mbhhzaxjoiqyuxj6,2024-09-11T16:17:42Z,greenwich,2024-09-11T16:20:00.000Z,2024-09-11 16:20:00,"Sep 11, 2024 at 4:20pm"
my554zitlr1harkeotem,2025-07-22T16:32:05Z,greenwich,2025-07-22T16:32:00.000Z,2025-07-22 16:32:00,"Jul 22, 2025 at 4:32pm"
vpmtljmspp1bo8vcothr,2024-10-15T09:28:47Z,greenwich,2024-10-16T15:24:00.000Z,2024-10-16 15:24:00,"Oct 16, 2024 at 3:24pm"
dk9of4a0yerp4ojkiics,2024-09-09T15:50:47Z,greenwich,2024-09-09T15:52:00.000Z,2024-09-09 15:52:00,"Sep 9, 2024 at 3:52pm"
q5y3wxrvys3slk7sac4s,2020-01-03T19:20:09Z,greenwich,2024-09-24T11:15:00.000Z,2024-09-24 11:15:00,"Sep 24, 2024 at 11:15am"
wisyxculigpxnfyh59jz,2024-09-13T14:06:24Z,greenwich,2024-09-13T14:11:00.000Z,2024-09-13 14:11:00,"Sep 13, 2024 at 2:11pm"
wfdek5or3hx3g3btqs82,2024-09-30T16:48:33Z,greenwich,2024-09-30T16:48:00.000Z,2024-09-30 16:48:00,"Sep 30, 2024 at 4:48pm"
h8d3eteao5b3lqkqc8tb,2025-03-24T20:24:04Z,greenwich,2025-03-24T20:24:00.000Z,2025-03-24 20:24:00,"Mar 24, 2025 at 8:24pm"
2yukfgqo12u8919h16pv,2025-06-07T08:50:49Z,greenwich,2025-06-07T08:51:00.000Z,2025-06-07 08:51:00,"Jun 7, 2025 at 8:51am"
sw49ikrzvcuhetkweb9v,2024-11-07T12:09:31Z,greenwich,2024-11-07T12:10:00.000Z,2024-11-07 12:10:00,"Nov 7, 2024 at 12:10pm"
bgxhyp6mq4fce06l40sz,2025-03-23T17:25:45Z,hackney,2025-03-23T17:26:00.000Z,2025-03-23 17:26:00,"Mar 23, 2025 at 5:26pm"
u6ygfew38fqndwtuk3vy,2025-03-19T16:34:18Z,hackney,2025-03-19T16:35:00.000Z,2025-03-19 16:35:00,"Mar 19, 2025 at 4:35pm"
ina63dbd5apwmxjyp1i9,2024-09-26T18:30:41Z,hackney,2025-06-01T09:13:00.000Z,2025-06-01 09:13:00,"Jun 1, 2025 at 9:13am"
w2gaix6a1wjkgxkslx43,2025-06-17T05:15:57Z,hackney,2025-06-17T05:16:00.000Z,2025-06-17 05:16:00,"Jun 17, 2025 at 5:16am"
oi9ol0ivio73cjrq42qs,2025-05-01T22:12:38Z,hackney,2025-05-01T22:13:00.000Z,2025-05-01 22:13:00,"May 1, 2025 at 10:13pm"
yj272cyf7y5nsky2mpre,2025-05-23T09:10:39Z,hackney,2025-05-23T09:14:00.000Z,2025-05-23 09:14:00,"May 23, 2025 at 9:14am"
2jsfqq35cv4c1uae5z7q,2025-05-07T08:23:37Z,hackney,2025-05-07T08:24:00.000Z,2025-05-07 08:24:00,"May 7, 2025 at 8:24am"
euo3o1lpuuexfea6x54l,2025-05-18T18:05:08Z,hackney,2025-05-29T18:01:00.000Z,2025-05-29 18:01:00,"May 29, 2025 at 6:01pm"
5fez9ng10qthrkyrido4,2025-05-29T07:45:06Z,hackney,2025-05-29T07:48:00.000Z,2025-05-29 07:48:00,"May 29, 2025 at 7:48am"
uyu5nvuw19kjetzrmca7,2024-12-13T00:34:25Z,hackney,2024-12-13T00:34:00.000Z,2024-12-13 00:34:00,"Dec 13, 2024 at 12:34am"
8ar1cg040tfrnrw2fw4s,2025-01-10T22:01:08Z,hackney,2025-01-10T22:01:00.000Z,2025-01-10 22:01:00,"Jan 10, 2025 at 10:01pm"
isjwmvdacqs6xkgwpefu,2025-03-13T21:45:54Z,hackney,2025-03-13T21:47:00.000Z,2025-03-13 21:47:00,"Mar 13, 2025 at 9:47pm"
wpiooenj5dkrjf3u8zkf,2024-12-16T09:18:53Z,hackney,2024-12-16T09:20:00.000Z,2024-12-16 09:20:00,"Dec 16, 2024 at 9:20am"
dgpujazgtvvwdoau6aln,2024-11-28T15:57:47Z,hackney,2024-11-28T15:58:00.000Z,2024-11-28 15:58:00,"Nov 28, 2024 at 3:58pm"
t71vn1s49bsoe98cgeop,2025-05-28T19:13:06Z,hackney,2025-05-28T19:18:00.000Z,2025-05-28 19:18:00,"May 28, 2025 at 7:18pm"
lz1atc493auvupmcrip4,2025-05-29T06:40:51Z,hackney,2025-05-29T06:41:00.000Z,2025-05-29 06:41:00,"May 29, 2025 at 6:41am"
2kkmqbdhez659z44swar,2025-05-31T11:35:12Z,hackney,2025-05-31T11:35:00.000Z,2025-05-31 11:35:00,"May 31, 2025 at 11:35am"
aergg0562i5zm8ugx8jp,2024-09-02T09:05:51Z,hackney,2025-09-01T20:59:00.000Z,2025-09-01 20:59:00,"Sep 1, 2025 at 8:59pm"
a3f6njugmyt77v5a6mca,2024-08-15T11:10:45Z,hackney,2024-08-15T11:11:00.000Z,2024-08-15 11:11:00,"Aug 15, 2024 at 11:11am"
7x9vfpm7lrftrk3klnz4,2025-08-02T20:34:07Z,hackney,2025-08-02T20:35:00.000Z,2025-08-02 20:35:00,"Aug 2, 2025 at 8:35pm"
xgwninobqetvgg4smzbu,2025-04-01T15:15:52Z,hackney,2025-04-01T15:16:00.000Z,2025-04-01 15:16:00,"Apr 1, 2025 at 3:16pm"
tlw8qplsfx7aj2omlcqc,2025-06-08T20:19:24Z,hackney,2025-06-08T20:22:00.000Z,2025-06-08 20:22:00,"Jun 8, 2025 at 8:22pm"
8cm7om1vs5ixceoqvich,2024-09-26T18:30:43Z,hackney,2025-06-06T10:22:00.000Z,2025-06-06 10:22:00,"Jun 6, 2025 at 10:22am"
p32pypatzgxefwbbz2y5,2024-12-12T23:51:08Z,hackney,2024-12-12T23:54:00.000Z,2024-12-12 23:54:00,"Dec 12, 2024 at 11:54pm"
9kg4ww4ej82lvbjecymo,2025-07-23T23:17:04Z,hackney,2025-07-23T23:17:00.000Z,2025-07-23 23:17:00,"Jul 23, 2025 at 11:17pm"
iirbvnb2cy5d18cljovg,2024-12-04T12:08:17Z,hackney,2024-12-04T12:08:00.000Z,2024-12-04 12:08:00,"Dec 4, 2024 at 12:08pm"
y52phjjb8kwengn364wg,2024-08-14T21:55:00Z,hackney,2024-08-14T21:56:00.000Z,2024-08-14 21:56:00,"Aug 14, 2024 at 9:56pm"
p4ebsq3xsze4r9y5uy82,2025-01-26T20:17:44Z,hackney,2025-01-26T20:18:00.000Z,2025-01-26 20:18:00,"Jan 26, 2025 at 8:18pm"
uzpieohkmfctd2xtnz9i,2024-12-13T08:53:03Z,hackney,2024-12-13T08:53:00.000Z,2024-12-13 08:53:00,"Dec 13, 2024 at 8:53am"
2gdm42ii7fw2i9zf6rdi,2024-12-05T00:06:47Z,hackney,2024-12-05T00:07:00.000Z,2024-12-05 00:07:00,"Dec 5, 2024 at 12:07am"
5lh4hmaa98bgav054cd1,2024-08-13T12:51:10Z,hackney,2024-08-13T12:52:00.000Z,2024-08-13 12:52:00,"Aug 13, 2024 at 12:52pm"
l933t0ai0nqrygrv8tx6,2024-12-05T16:32:43Z,hackney,2024-12-05T16:35:00.000Z,2024-12-05 16:35:00,"Dec 5, 2024 at 4:35pm"
2s02nvwphrxzzgkp7w34,2025-03-12T15:42:26Z,hackney,2025-03-12T15:42:00.000Z,2025-03-12 15:42:00,"Mar 12, 2025 at 3:42pm"
6294rkve4ol3sdngs08d,2024-12-06T14:16:16Z,hackney,2024-12-06T14:16:00.000Z,2024-12-06 14:16:00,"Dec 6, 2024 at 2:16pm"
kxznuj9s7q89hrq25rnm,2025-06-11T09:50:25Z,hackney,2025-06-11T11:09:00.000Z,2025-06-11 11:09:00,"Jun 11, 2025 at 11:09am"
thw3udosn2d7wx613xdg,2024-11-24T11:43:25Z,hackney,2024-11-24T11:44:00.000Z,2024-11-24 11:44:00,"Nov 24, 2024 at 11:44am"
ih7npbbd7yvumhk6ef7m,2025-03-05T10:04:54Z,hackney,2025-03-05T10:14:00.000Z,2025-03-05 10:14:00,"Mar 5, 2025 at 10:14am"
0zt7p0ywk5zradf2xaqh,2025-04-07T07:11:49Z,hackney,2025-04-07T07:12:00.000Z,2025-04-07 07:12:00,"Apr 7, 2025 at 7:12am"
tgnnwt5nvmviiq0ra7ga,2025-04-17T23:19:02Z,hackney,2025-04-17T23:22:00.000Z,2025-04-17 23:22:00,"Apr 17, 2025 at 11:22pm"
pyq0izywpf56rzx6zo42,2025-09-09T09:59:57Z,hackney,2025-09-09T10:02:00.000Z,2025-09-09 10:02:00,"Sep 9, 2025 at 10:02am"
zskj4jmt15v5y3egwvj0,2024-12-14T15:56:04Z,hackney,2024-12-14T15:56:00.000Z,2024-12-14 15:56:00,"Dec 14, 2024 at 3:56pm"
x1oolbvo4mfcxo7nhnff,2024-11-28T12:27:28Z,hackney,2024-11-28T12:28:00.000Z,2024-11-28 12:28:00,"Nov 28, 2024 at 12:28pm"
cdacdxhlq68ds0ru5wla,2023-05-23T10:00:06Z,hackney,2024-11-14T17:32:00.000Z,2024-11-14 17:32:00,"Nov 14, 2024 at 5:32pm"
0ytywaeemsu9apzkcslr,2025-03-08T20:29:52Z,hackney,2025-03-08T20:30:00.000Z,2025-03-08 20:30:00,"Mar 8, 2025 at 8:30pm"
krbf4ptdfisk7hjv43k3,2025-03-30T21:24:36Z,hackney,2025-03-30T21:25:00.000Z,2025-03-30 21:25:00,"Mar 30, 2025 at 9:25pm"
3emm76dreacxx604om6l,2025-05-31T12:10:13Z,hackney,2025-05-31T12:20:00.000Z,2025-05-31 12:20:00,"May 31, 2025 at 12:20pm"
3lkffkyxla43zhog4eqn,2024-12-04T16:53:13Z,hackney,2024-12-04T16:53:00.000Z,2024-12-04 16:53:00,"Dec 4, 2024 at 4:53pm"
iranlctmg4dashf9j1j7,2024-12-12T19:59:15Z,hackney,2024-12-12T19:59:00.000Z,2024-12-12 19:59:00,"Dec 12, 2024 at 7:59pm"
69kw154mo4eyzw0f07kp,2024-07-31T08:32:59Z,hackney,2024-08-10T09:53:00.000Z,2024-08-10 09:53:00,"Aug 10, 2024 at 9:53am"
blitbdutvefcn2k98l9t,2024-08-15T22:38:45Z,hackney,2024-08-15T22:41:00.000Z,2024-08-15 22:41:00,"Aug 15, 2024 at 10:41pm"
srlnjp6xswhx47hl9pep,2024-12-06T14:57:40Z,hackney,2024-12-06T14:59:00.000Z,2024-12-06 14:59:00,"Dec 6, 2024 at 2:59pm"
60bf5ntegq61kdu3zvp9,2025-04-09T18:03:38Z,hackney,2025-04-09T18:04:00.000Z,2025-04-09 18:04:00,"Apr 9, 2025 at 6:04pm"
q7x5xkj8knmme2w7ar9s,2024-12-13T07:49:29Z,hackney,2024-12-13T07:49:00.000Z,2024-12-13 07:49:00,"Dec 13, 2024 at 7:49am"
v7y7a0n8d1jly52t8wh8,2025-03-05T20:04:16Z,hackney,2025-03-05T20:04:00.000Z,2025-03-05 20:04:00,"Mar 5, 2025 at 8:04pm"
pss8z5qta2zol3s59kwh,2025-04-03T16:08:28Z,hackney,2025-04-03T16:08:00.000Z,2025-04-03 16:08:00,"Apr 3, 2025 at 4:08pm"
exxm4xn1qcfpm6uifbv6,2019-04-08T12:53:46Z,hackney,2024-12-02T12:56:00.000Z,2024-12-02 12:56:00,"Dec 2, 2024 at 12:56pm"
lh25aotes6nthv586km4,2025-06-05T09:35:37Z,hackney,2025-06-05T09:35:00.000Z,2025-06-05 09:35:00,"Jun 5, 2025 at 9:35am"
gst4nhj7jobgtby2jks9,2024-09-10T16:42:59Z,hackney,2024-11-14T10:26:00.000Z,2024-11-14 10:26:00,"Nov 14, 2024 at 10:26am"
b9hsx4mccfqzs2adzzkk,2019-04-08T12:53:43Z,hackney,2024-09-02T14:11:00.000Z,2024-09-02 14:11:00,"Sep 2, 2024 at 2:11pm"
y7x01ve4k6bfaxua3z1u,2024-11-22T12:47:41Z,hackney,2024-11-22T12:47:00.000Z,2024-11-22 12:47:00,"Nov 22, 2024 at 12:47pm"
kcvhdu73u7wsft650kpj,2025-09-14T16:23:45Z,hackney,2025-09-14T16:24:00.000Z,2025-09-14 16:24:00,"Sep 14, 2025 at 4:24pm"
ddbui4h6f3to0alm7m5v,2025-03-11T22:04:34Z,hackney,2025-03-11T22:05:00.000Z,2025-03-11 22:05:00,"Mar 11, 2025 at 10:05pm"
yiu9ahbn6f23kuw34tga,2025-06-02T08:08:25Z,hammersmith_fulham,2025-09-19T11:15:00.000Z,2025-09-19 11:15:00,"Sep 19, 2025 at 11:15am"
4g1z022lqdubfwc002k2,2025-03-01T17:46:36Z,hammersmith_fulham,2025-03-01T17:47:00.000Z,2025-03-01 17:47:00,"Mar 1, 2025 at 5:47pm"
vyyydo8ovn8f62eqs51r,2025-03-13T12:41:34Z,hammersmith_fulham,2025-03-13T13:15:00.000Z,2025-03-13 13:15:00,"Mar 13, 2025 at 1:15pm"
u5d7anunwk7vg36dpuyo,2024-12-22T12:40:11Z,hammersmith_fulham,2024-12-22T12:40:00.000Z,2024-12-22 12:40:00,"Dec 22, 2024 at 12:40pm"
lsl5cjhdwirerzpymvbo,2025-05-31T13:57:33Z,hammersmith_fulham,2025-05-31T13:58:00.000Z,2025-05-31 13:58:00,"May 31, 2025 at 1:58pm"
uk3mrn5tiujykhacf0gz,2024-12-14T22:36:36Z,hammersmith_fulham,2024-12-14T22:37:00.000Z,2024-12-14 22:37:00,"Dec 14, 2024 at 10:37pm"
ywxdg6rn1p8higreyio0,2025-09-11T20:52:14Z,hammersmith_fulham,2025-09-11T20:53:00.000Z,2025-09-11 20:53:00,"Sep 11, 2025 at 8:53pm"
p95v7qo5mvfdou1uvq51,2024-03-07T10:49:29Z,hammersmith_fulham,2024-10-22T19:29:00.000Z,2024-10-22 19:29:00,"Oct 22, 2024 at 7:29pm"
k66ba6wq2ecjlspiabje,2025-02-18T18:25:06Z,hammersmith_fulham,2025-02-18T18:25:00.000Z,2025-02-18 18:25:00,"Feb 18, 2025 at 6:25pm"
wunnmt44h50vhnwxl4ea,2025-05-31T13:42:41Z,hammersmith_fulham,2025-05-31T13:43:00.000Z,2025-05-31 13:43:00,"May 31, 2025 at 1:43pm"
h9p4l868ssu1m7av9cff,2025-03-21T20:09:10Z,hammersmith_fulham,2025-03-21T20:09:00.000Z,2025-03-21 20:09:00,"Mar 21, 2025 at 8:09pm"
z3bcci38cr9a16e2zpz1,2025-01-22T17:25:49Z,hammersmith_fulham,2025-01-22T17:26:00.000Z,2025-01-22 17:26:00,"Jan 22, 2025 at 5:26pm"
9qnpfmr6lkluvt65frxw,2024-12-14T08:33:12Z,hammersmith_fulham,2024-12-14T08:34:00.000Z,2024-12-14 08:34:00,"Dec 14, 2024 at 8:34am"
drbchuji32nz9ph8z4be,2025-03-04T09:11:08Z,hammersmith_fulham,2025-03-04T09:14:00.000Z,2025-03-04 09:14:00,"Mar 4, 2025 at 9:14am"
4c1zml64300bi77ie50i,2024-12-18T16:26:00Z,hammersmith_fulham,2024-12-18T16:27:00.000Z,2024-12-18 16:27:00,"Dec 18, 2024 at 4:27pm"
bs6g3tq5yryiq1k2rsfm,2025-05-30T18:29:19Z,hammersmith_fulham,2025-05-30T18:29:00.000Z,2025-05-30 18:29:00,"May 30, 2025 at 6:29pm"
3htn25jqr8zob7vbsr0s,2025-05-31T10:30:04Z,hammersmith_fulham,2025-05-31T10:30:00.000Z,2025-05-31 10:30:00,"May 31, 2025 at 10:30am"
0usrg7o1sd5rcsp3oyv7,2024-12-13T18:08:35Z,hammersmith_fulham,2024-12-13T18:09:00.000Z,2024-12-13 18:09:00,"Dec 13, 2024 at 6:09pm"
jgkpmiihuw3dyhdeale3,2025-02-28T19:16:34Z,hammersmith_fulham,2025-02-28T19:20:00.000Z,2025-02-28 19:20:00,"Feb 28, 2025 at 7:20pm"
sji6y9of8paruper0jqa,2025-05-31T08:21:05Z,hammersmith_fulham,2025-05-31T08:21:00.000Z,2025-05-31 08:21:00,"May 31, 2025 at 8:21am"
k7mvhp6joj6nlbufq314,2025-04-23T16:16:12Z,hammersmith_fulham,2025-04-23T16:16:00.000Z,2025-04-23 16:16:00,"Apr 23, 2025 at 4:16pm"
gfk0sfgowuok2b79uopm,2024-12-13T13:23:12Z,hammersmith_fulham,2024-12-13T13:23:00.000Z,2024-12-13 13:23:00,"Dec 13, 2024 at 1:23pm"
5mnjm2l9j9blq3zv764y,2024-12-13T16:14:29Z,hammersmith_fulham,2024-12-13T16:14:00.000Z,2024-12-13 16:14:00,"Dec 13, 2024 at 4:14pm"
qavwqyxwtt1wfg42jk14,2019-04-08T12:53:42Z,hammersmith_fulham,2024-11-04T15:07:00.000Z,2024-11-04 15:07:00,"Nov 4, 2024 at 3:07pm"
ph2vwpshq1ivn1hdu94n,2025-03-04T12:11:10Z,hammersmith_fulham,2025-03-04T12:11:00.000Z,2025-03-04 12:11:00,"Mar 4, 2025 at 12:11pm"
kglfnierp3fe0ykrs812,2024-09-10T06:41:10Z,hammersmith_fulham,2024-09-10T06:42:00.000Z,2024-09-10 06:42:00,"Sep 10, 2024 at 6:42am"
09kh0l58u5cp2bvn8jzv,2025-05-31T04:48:42Z,hammersmith_fulham,2025-05-31T04:48:00.000Z,2025-05-31 04:48:00,"May 31, 2025 at 4:48am"
r1hy04qasafs6hja4ly5,2025-01-21T15:10:54Z,hammersmith_fulham,2025-01-21T15:14:00.000Z,2025-01-21 15:14:00,"Jan 21, 2025 at 3:14pm"
3ygol3pytt1uvlssibol,2025-01-22T19:32:01Z,hammersmith_fulham,2025-01-22T19:32:00.000Z,2025-01-22 19:32:00,"Jan 22, 2025 at 7:32pm"
8sud95ln4bv4dxjt5xy1,2025-09-22T09:57:21Z,hounslow,2025-09-22T09:57:00.000Z,2025-09-22 09:57:00,"Sep 22, 2025 at 9:57am"
xv5l88562861ibuo3yj5,2025-09-19T10:24:20Z,hounslow,2025-09-19T10:24:00.000Z,2025-09-19 10:24:00,"Sep 19, 2025 at 10:24am"
wsxtfeln255ou22rdwla,2025-06-03T15:25:55Z,hounslow,2025-09-17T16:55:00.000Z,2025-09-17 16:55:00,"Sep 17, 2025 at 4:55pm"
z90ry012mo7n4kyuu6cx,2025-08-31T12:25:17Z,hounslow,2025-09-01T22:21:00.000Z,2025-09-01 22:21:00,"Sep 1, 2025 at 10:21pm"
45vmvos5y69td9rsk40p,2025-06-06T20:10:02Z,hounslow,2025-09-19T18:13:00.000Z,2025-09-19 18:13:00,"Sep 19, 2025 at 6:13pm"
ls3u516z3aeami34ce8v,2025-09-19T21:06:20Z,hounslow,2025-09-19T21:08:00.000Z,2025-09-19 21:08:00,"Sep 19, 2025 at 9:08pm"
wchowyr8qoegkewk3urk,2025-09-19T17:43:34Z,hounslow,2025-09-19T17:44:00.000Z,2025-09-19 17:44:00,"Sep 19, 2025 at 5:44pm"
y6mgj9cd46nu9141eeix,2025-09-24T18:41:50Z,hounslow,2025-09-24T18:42:00.000Z,2025-09-24 18:42:00,"Sep 24, 2025 at 6:42pm"
9f28wrllakobrx9z7vtx,2025-09-23T13:03:03Z,hounslow,2025-09-23T13:03:00.000Z,2025-09-23 13:03:00,"Sep 23, 2025 at 1:03pm"
xwyw16lmn1r2i28nqmei,2025-09-17T13:22:58Z,hounslow,2025-09-17T13:23:00.000Z,2025-09-17 13:23:00,"Sep 17, 2025 at 1:23pm"
qqekc3enl1619kjh1qfa,2025-09-15T07:26:04Z,hounslow,2025-09-15T07:26:00.000Z,2025-09-15 07:26:00,"Sep 15, 2025 at 7:26am"
g90adw3eioao8p54f5b4,2025-09-18T09:31:27Z,hounslow,2025-09-18T09:31:00.000Z,2025-09-18 09:31:00,"Sep 18, 2025 at 9:31am"
6533g1927lcoemg7x67z,2025-09-04T07:14:19Z,hounslow,2025-09-04T07:17:00.000Z,2025-09-04 07:17:00,"Sep 4, 2025 at 7:17am"
t43ntxn2cmyns6clpukq,2025-09-20T05:11:32Z,hounslow,2025-09-20T05:11:00.000Z,2025-09-20 05:11:00,"Sep 20, 2025 at 5:11am"
oqpgrryvfanhc3kinvu3,2025-09-19T17:16:54Z,hounslow,2025-09-19T17:17:00.000Z,2025-09-19 17:17:00,"Sep 19, 2025 at 5:17pm"
6349ql6rwx2k4g5dc7cw,2025-09-12T10:07:17Z,hounslow,2025-09-12T10:14:00.000Z,2025-09-12 10:14:00,"Sep 12, 2025 at 10:14am"
95pf18qcxtxe65vo2w1t,2025-05-03T18:01:15Z,oxfordshire,2025-05-03T18:01:00.000Z,2025-05-03 18:01:00,"May 3, 2025 at 6:01pm"
n0tirqtitt0maamxdsd8,2024-10-22T09:49:48Z,southwark,2024-10-22T09:50:00.000Z,2024-10-22 09:50:00,"Oct 22, 2024 at 9:50am"
1uz0gjo42leypogl5eay,2025-06-19T19:27:58Z,southwark,2025-06-19T19:28:00.000Z,2025-06-19 19:28:00,"Jun 19, 2025 at 7:28pm"
zbxxh47k0bc2etxg211f,2025-09-01T23:01:38Z,southwark,2025-09-01T23:02:00.000Z,2025-09-01 23:02:00,"Sep 1, 2025 at 11:02pm"
wettfi2ktxtxh6t05098,2024-03-25T12:47:25Z,southwark,2024-09-03T18:06:00.000Z,2024-09-03 18:06:00,"Sep 3, 2024 at 6:06pm"
monn63t233y2c2mkc8kr,2025-06-07T22:06:16Z,southwark,2025-06-07T22:06:00.000Z,2025-06-07 22:06:00,"Jun 7, 2025 at 10:06pm"
rorwqjwaa1fn3crwcbg9,2024-12-15T19:03:47Z,southwark,2025-02-20T17:02:00.000Z,2025-02-20 17:02:00,"Feb 20, 2025 at 5:02pm"
ruqc8nppev8ttiw80qan,2024-10-20T10:06:21Z,southwark,2024-10-20T10:07:00.000Z,2024-10-20 10:07:00,"Oct 20, 2024 at 10:07am"
8axe38emum3bastfyf74,2024-10-17T11:53:01Z,southwark,2024-10-17T11:58:00.000Z,2024-10-17 11:58:00,"Oct 17, 2024 at 11:58am"
a1c9ww84rbw0rktxrxh5,2024-09-22T06:05:45Z,southwark,2024-09-22T06:06:00.000Z,2024-09-22 06:06:00,"Sep 22, 2024 at 6:06am"
b6fmrp86opp767ui2awy,2024-09-21T07:17:50Z,southwark,2024-09-21T07:18:00.000Z,2024-09-21 07:18:00,"Sep 21, 2024 at 7:18am"
yf965ca44gv6yc0nwmfp,2025-08-29T07:11:36Z,southwark,2025-08-29T07:13:00.000Z,2025-08-29 07:13:00,"Aug 29, 2025 at 7:13am"
ibp1rhwp2yg3wu9idum5,2025-08-10T19:20:15Z,southwark,2025-08-10T19:20:00.000Z,2025-08-10 19:20:00,"Aug 10, 2025 at 7:20pm"
qrgijaqa4um3fcipongi,2025-07-17T20:44:25Z,southwark,2025-07-17T20:44:00.000Z,2025-07-17 20:44:00,"Jul 17, 2025 at 8:44pm"
8vhi6z1p8etuki6tkz39,2024-09-27T13:56:34Z,southwark,2024-09-27T14:35:00.000Z,2024-09-27 14:35:00,"Sep 27, 2024 at 2:35pm"
tudxaax5omaxlczfzit5,2024-03-07T10:49:25Z,southwark,2025-07-29T10:06:00.000Z,2025-07-29 10:06:00,"Jul 29, 2025 at 10:06am"
sfjwdcvs8xpscvyqkzvf,2019-04-08T12:53:58Z,southwark,2024-08-19T11:46:00.000Z,2024-08-19 11:46:00,"Aug 19, 2024 at 11:46am"
iz2c5roqsqxut8rc5u9i,2025-06-23T19:51:02Z,southwark,2025-06-23T19:51:00.000Z,2025-06-23 19:51:00,"Jun 23, 2025 at 7:51pm"
b3h9qlcgcnngbbxhijlj,2025-09-01T22:36:50Z,southwark,2025-09-01T22:37:00.000Z,2025-09-01 22:37:00,"Sep 1, 2025 at 10:37pm"
9jbc98x8eoee09oxhkyk,2024-11-26T09:08:34Z,southwark,2024-11-26T09:12:00.000Z,2024-11-26 09:12:00,"Nov 26, 2024 at 9:12am"
zfnellsj7bqy14wa2im0,2024-10-23T05:12:30Z,southwark,2024-10-23T05:12:00.000Z,2024-10-23 05:12:00,"Oct 23, 2024 at 5:12am"
yioao0ffq3wo1ihf63hu,2024-09-27T21:53:27Z,southwark,2024-09-27T21:54:00.000Z,2024-09-27 21:54:00,"Sep 27, 2024 at 9:54pm"
mzsw3apljc6h12phq5bj,2025-06-09T08:47:00Z,southwark,2025-06-09T08:47:00.000Z,2025-06-09 08:47:00,"Jun 9, 2025 at 8:47am"
ca0bvmbg1pymgdz7cdc2,2024-09-28T06:47:30Z,southwark,2024-09-28T06:47:00.000Z,2024-09-28 06:47:00,"Sep 28, 2024 at 6:47am"
hlaj6pni2jdfadr58j37,2024-10-03T11:15:26Z,southwark,2024-10-03T11:16:00.000Z,2024-10-03 11:16:00,"Oct 3, 2024 at 11:16am"
e68e881vmsiava0mheqd,2024-10-28T14:33:34Z,southwark,2024-10-28T14:33:00.000Z,2024-10-28 14:33:00,"Oct 28, 2024 at 2:33pm"
d5caqmyfs0j8a1dfxbiy,2025-07-11T09:04:18Z,southwark,2025-07-11T09:06:00.000Z,2025-07-11 09:06:00,"Jul 11, 2025 at 9:06am"
jkrc7k8vzee08dkj2qdb,2024-09-11T16:24:07Z,southwark,2024-09-11T16:27:00.000Z,2024-09-11 16:27:00,"Sep 11, 2024 at 4:27pm"
5525h6qw9lngsme8ewyd,2024-09-04T07:02:13Z,southwark,2024-09-04T07:05:00.000Z,2024-09-04 07:05:00,"Sep 4, 2024 at 7:05am"
1q2nus4cc9o0c2fdxbqz,2024-10-04T05:08:06Z,southwark,2024-10-04T05:13:00.000Z,2024-10-04 05:13:00,"Oct 4, 2024 at 5:13am"
dnbg6d6dma6vv07runjb,2024-08-14T12:40:15Z,southwark,2024-08-14T12:41:00.000Z,2024-08-14 12:41:00,"Aug 14, 2024 at 12:41pm"
z1mx0hmx4ekm3xkpy384,2024-09-27T12:34:55Z,southwark,2024-09-27T12:37:00.000Z,2024-09-27 12:37:00,"Sep 27, 2024 at 12:37pm"
a8xk8fa9eo19sa54aig3,2024-08-15T08:32:17Z,southwark,2024-08-15T08:33:00.000Z,2024-08-15 08:33:00,"Aug 15, 2024 at 8:33am"
jycr1vi30ndebzk0wsy4,2024-10-21T12:45:05Z,southwark,2024-10-21T12:46:00.000Z,2024-10-21 12:46:00,"Oct 21, 2024 at 12:46pm"
ovw645ug3w01f7p4zvuu,2025-06-19T10:57:53Z,southwark,2025-06-19T10:58:00.000Z,2025-06-19 10:58:00,"Jun 19, 2025 at 10:58am"
g90nmgkdhxp1wkknte6h,2025-06-26T15:13:45Z,southwark,2025-06-26T15:14:00.000Z,2025-06-26 15:14:00,"Jun 26, 2025 at 3:14pm"
vz4xcn56zh7pxu8g2bgv,2025-07-14T20:48:41Z,southwark,2025-07-14T20:49:00.000Z,2025-07-14 20:49:00,"Jul 14, 2025 at 8:49pm"
rpxilc3piocrxryq3hkh,2024-10-17T22:30:53Z,southwark,2024-10-17T22:31:00.000Z,2024-10-17 22:31:00,"Oct 17, 2024 at 10:31pm"
qu2x38vwbinftqf91ocm,2024-03-13T12:13:05Z,southwark,2025-09-24T23:24:00.000Z,2025-09-24 23:24:00,"Sep 24, 2025 at 11:24pm"
kx7ypsf9wtyrbwb2t2f1,2024-11-08T09:49:36Z,southwark,2024-11-08T09:50:00.000Z,2024-11-08 09:50:00,"Nov 8, 2024 at 9:50am"
byonu36fuwh17mrvt8zr,2024-03-07T10:49:26Z,southwark,2024-11-19T09:45:00.000Z,2024-11-19 09:45:00,"Nov 19, 2024 at 9:45am"
j4nrq41n4jdftjf2t2ks,2024-11-15T12:19:37Z,southwark,2024-11-15T21:29:00.000Z,2024-11-15 21:29:00,"Nov 15, 2024 at 9:29pm"
xmd4isf2i4y9npvttg6m,2025-08-21T13:33:23Z,southwark,2025-08-21T13:33:00.000Z,2025-08-21 13:33:00,"Aug 21, 2025 at 1:33pm"
jx2c4fu5cvosdbcnu3hi,2024-09-28T01:03:12Z,southwark,2024-09-28T01:05:00.000Z,2024-09-28 01:05:00,"Sep 28, 2024 at 1:05am"
le9ydr37xy36fikngxcr,2024-10-24T15:34:26Z,southwark,2024-10-24T15:34:00.000Z,2024-10-24 15:34:00,"Oct 24, 2024 at 3:34pm"
c8zo9h4yznl1cznibnxo,2024-09-19T21:53:49Z,southwark,2024-09-19T21:55:00.000Z,2024-09-19 21:55:00,"Sep 19, 2024 at 9:55pm"
3rzl3yid0heuoxb8eddv,2025-08-20T10:54:07Z,southwark,2025-08-20T10:54:00.000Z,2025-08-20 10:54:00,"Aug 20, 2025 at 10:54am"
dq6w1r47riqgrb81y2wn,2024-08-27T15:56:22Z,southwark,2024-08-27T15:57:00.000Z,2024-08-27 15:57:00,"Aug 27, 2024 at 3:57pm"
vsgtqejmnialxcgz8p49,2024-10-25T06:59:30Z,southwark,2024-10-25T07:03:00.000Z,2024-10-25 07:03:00,"Oct 25, 2024 at 7:03am"
8hxo0ow3fhj0k6ge47bm,2024-09-11T15:51:40Z,southwark,2024-09-11T15:52:00.000Z,2024-09-11 15:52:00,"Sep 11, 2024 at 3:52pm"
qrk6s1a6rn0lo1kwicoa,2024-09-26T18:30:43Z,southwark,2025-06-02T09:58:00.000Z,2025-06-02 09:58:00,"Jun 2, 2025 at 9:58am"
0p2xmv2ph338i5bq3jx5,2025-03-07T16:25:14Z,southwark,2025-03-07T16:26:00.000Z,2025-03-07 16:26:00,"Mar 7, 2025 at 4:26pm"
6684srf1r5ahs42arx8d,2024-09-19T15:46:46Z,southwark,2024-09-19T15:47:00.000Z,2024-09-19 15:47:00,"Sep 19, 2024 at 3:47pm"
cmvsirtotiro36epfid8,2024-08-29T14:44:31Z,southwark,2024-08-29T14:49:00.000Z,2024-08-29 14:49:00,"Aug 29, 2024 at 2:49pm"
qtk9189gi20h33cn6h2f,2024-11-01T11:22:04Z,southwark,2024-11-01T11:22:00.000Z,2024-11-01 11:22:00,"Nov 1, 2024 at 11:22am"
0fjaohae0kjpj7hlydzj,2024-11-02T07:31:47Z,southwark,2024-11-02T07:34:00.000Z,2024-11-02 07:34:00,"Nov 2, 2024 at 7:34am"
xm7wze00ho8jvnfmtzwe,2024-04-02T08:23:36Z,southwark,2024-11-11T17:39:00.000Z,2024-11-11 17:39:00,"Nov 11, 2024 at 5:39pm"
ryfzylu4kdc3yw7rnvjr,2024-10-25T10:30:51Z,southwark,2024-10-25T10:33:00.000Z,2024-10-25 10:33:00,"Oct 25, 2024 at 10:33am"
q7eapa96bfgs1yywk4kd,2024-11-14T16:36:46Z,southwark,2024-11-14T16:37:00.000Z,2024-11-14 16:37:00,"Nov 14, 2024 at 4:37pm"
ihmtqmenmswb5r3z2ra0,2024-09-17T12:26:56Z,southwark,2024-09-17T12:27:00.000Z,2024-09-17 12:27:00,"Sep 17, 2024 at 12:27pm"
8n5uo0fyjkhfutzarl3s,2024-09-27T16:37:14Z,southwark,2024-09-27T16:38:00.000Z,2024-09-27 16:38:00,"Sep 27, 2024 at 4:38pm"
llssoxh1d0celdt651d3,2025-06-05T08:25:08Z,southwark,2025-06-05T08:25:00.000Z,2025-06-05 08:25:00,"Jun 5, 2025 at 8:25am"
xf910u0i1n8buc92uya6,2024-10-04T10:34:59Z,southwark,2024-10-04T10:35:00.000Z,2024-10-04 10:35:00,"Oct 4, 2024 at 10:35am"
zdfseypfesymga93eggt,2019-04-08T12:54:03Z,southwark,2024-11-16T03:31:00.000Z,2024-11-16 03:31:00,"Nov 16, 2024 at 3:31am"
uhm2im8goho0fuuotdzk,2024-11-14T13:31:51Z,southwark,2024-11-14T13:32:00.000Z,2024-11-14 13:32:00,"Nov 14, 2024 at 1:32pm"
09qc3xx7vijdd3m61iop,2024-10-17T11:56:33Z,southwark,2024-10-17T12:00:00.000Z,2024-10-17 12:00:00,"Oct 17, 2024 at 12:00pm"
g41u4eeiv26fnsacsini,2025-07-09T09:16:02Z,southwark,2025-07-09T09:16:00.000Z,2025-07-09 09:16:00,"Jul 9, 2025 at 9:16am"
tp5dfwjw99aq9hxo9p3o,2024-10-03T14:55:06Z,southwark,2024-10-03T14:58:00.000Z,2024-10-03 14:58:00,"Oct 3, 2024 at 2:58pm"
yym2gvsi0r53ygvtfnda,2024-11-19T21:02:34Z,southwark,2024-11-19T21:03:00.000Z,2024-11-19 21:03:00,"Nov 19, 2024 at 9:03pm"
38t9fz7jqgb5x3kwmww8,2024-10-03T13:26:44Z,southwark,2024-10-03T13:28:00.000Z,2024-10-03 13:28:00,"Oct 3, 2024 at 1:28pm"
v6h7gjt7eej2ae29ylc6,2024-11-13T22:56:21Z,southwark,2024-11-13T22:59:00.000Z,2024-11-13 22:59:00,"Nov 13, 2024 at 10:59pm"
hfd72ar50qq8cva8tmp3,2025-07-23T15:36:17Z,southwark,2025-07-23T15:36:00.000Z,2025-07-23 15:36:00,"Jul 23, 2025 at 3:36pm"
0ho58m5q8on38pyf6246,2024-10-28T09:36:16Z,southwark,2024-10-28T09:37:00.000Z,2024-10-28 09:37:00,"Oct 28, 2024 at 9:37am"
nvhwmwumsosizr7t3gfn,2024-11-02T12:38:36Z,southwark,2024-11-02T12:39:00.000Z,2024-11-02 12:39:00,"Nov 2, 2024 at 12:39pm"
7xsmnqst3c391pa2vt11,2024-11-07T15:17:21Z,southwark,2024-11-07T15:17:00.000Z,2024-11-07 15:17:00,"Nov 7, 2024 at 3:17pm"
5qb69j8ad0dampyta8tz,2024-11-19T13:50:05Z,southwark,2024-11-19T13:50:00.000Z,2024-11-19 13:50:00,"Nov 19, 2024 at 1:50pm"
qd7ls984gxsraj8l6vh3,2024-11-16T18:01:43Z,southwark,2024-11-16T18:06:00.000Z,2024-11-16 18:06:00,"Nov 16, 2024 at 6:06pm"
r7vwe5oti9ef1ln29kc2,2024-08-19T16:27:21Z,southwark,2024-08-19T16:29:00.000Z,2024-08-19 16:29:00,"Aug 19, 2024 at 4:29pm"
cnyltuirubb7ekw7hvq0,2024-10-17T18:18:39Z,southwark,2024-10-17T18:19:00.000Z,2024-10-17 18:19:00,"Oct 17, 2024 at 6:19pm"
pypduwi98lj47q15sn7h,2024-09-27T21:55:37Z,southwark,2024-09-27T22:01:00.000Z,2024-09-27 22:01:00,"Sep 27, 2024 at 10:01pm"
1lv983nw9wxkrvcnf1un,2025-09-22T05:54:01Z,suffolk,2025-09-22T05:54:00.000Z,2025-09-22 05:54:00,"Sep 22, 2025 at 5:54am"
7c3aan8yumtow3nru7pu,2025-09-02T05:19:22Z,suffolk,2025-09-02T05:21:00.000Z,2025-09-02 05:21:00,"Sep 2, 2025 at 5:21am"
96muq9qb0mctuny8mvw9,2025-09-26T08:11:54Z,suffolk,2025-09-26T08:13:00.000Z,2025-09-26 08:13:00,"Sep 26, 2025 at 8:13am"
8kideqoeg2pcx1g4nwg4,2025-09-02T06:34:44Z,suffolk,2025-09-02T06:35:00.000Z,2025-09-02 06:35:00,"Sep 2, 2025 at 6:35am"
dzlk8ajjq4afbbhnrep4,2025-09-03T15:50:08Z,suffolk,2025-09-03T15:50:00.000Z,2025-09-03 15:50:00,"Sep 3, 2025 at 3:50pm"
ilh1bex7yu95emoj5mtp,2025-09-04T18:46:25Z,suffolk,2025-09-04T18:46:00.000Z,2025-09-04 18:46:00,"Sep 4, 2025 at 6:46pm"
0ozcngp2ik1kk6ygbp1s,2024-09-13T09:35:07Z,westminster,2024-09-13T09:35:00.000Z,2024-09-13 09:35:00,"Sep 13, 2024 at 9:35am"
