colour,count,common uses
"#363635",409,"color | .si-tablist li a (2); color | .si-data-chunk--sm>dd (2); color | .si-data-chunk--md>dd (2); color | .si-data-chunk--lg>dd (2); color | .si-data-chunk--2xl>dd (2); color | .si-fieldset__legend (2); color | .si-fieldset__legend--lg (2); color | .si-input (2)"
"#ffffff",300,"color | .btn-copy-to-clipboard__tooltip,.btn-copy-to-clipboard__success (2); color | .type-white (2); background-color | .bg-color--primary (1); color | .text-color--invert-primary (1); --bs-white | Copyright 2011-2021 The Bootstrap Authors * Copyright 2011-2021 Twitter, Inc. * Licensed under MIT (https://github.com/twbs/bootstrap/blob/main/LICENSE) */:root (1); background-color | body (1); color | kbd (1); background-color | .img-thumbnail (1)"
"#c1658b",294,"background-color | .update-badge (2); color | .si-page-table--sm-only-compact .si-page-table__tbody-td--returns-investment a (2); color | .brand-navbar .brand-dropdown-menu li a:active (2); border | .brand-navbar .brand-dropdown-menu li a:focus (2); background-color | .bg-color--accent (1); color | .text-color--accent (1); color | .tab--active (1); color | .is-dropdown__menu>li.active (1)"
"rgba(0,0,0,0)",177,"border-color | .btn-copy-to-clipboard__tooltip:after,.btn-copy-to-clipboard__success:after (6); border-color | .loading-spinner .loading-spinner--inner .lds-ring div (3); border-color | .loading-spinner--large .loading-spinner--inner .lds-ring div (3); border | .brand-navbar .brand-dropdown-menu li a (2); -webkit-tap-highlight-color | body (1); background-color | .form-control-plaintext (1); border | .form-control-plaintext (1); color | .form-select:-moz-focusring (1)"
"#00aec2",93,"color | .btn-secondary--bordered,.si-btn-secondary--bordered (2); border-bottom | .si-page-table--sm-only-compact .si-page-table__tbody-tr--returns.paid (2); background-color | .si-page-table--sm-only-compact .si-page-table__tbody-tr--returns.paid::after (2); color | .is-dropdown__menu a (1); background-color | .admin-banner (1); fill | .si-mega-menu a.si-mega-menu__item:hover svg>path,.si-mega-menu a.si-mega-menu__item:active svg>path (1); color | .brand-secondary (1); background-color | .bg-colour--secondary (1)"
"#000000",83,"background | .placeholder-text::after (2); background | .placeholder-block::after (2); background | .brand-btn--placeholder-animation::after (2); background | .si-portfolio-button-placeholder::after (2); --bs-table-striped-color | .table-primary (1); --bs-table-active-color | .table-primary (1); --bs-table-hover-color | .table-primary (1); color | .table-primary (1)"
"#4d4a46",73,"color | .caption-sm (1); color | .caption-md (1); color | .caption-lg (1); color | .text-color--secondary (1); color | a:hover,a:focus,a:active,a:active:hover,a:active:focus (1); color | .si-accordion-item__body (1); color | .brand-btn-yellow (1); color | .brand-btn-yellow:hover (1)"
"#71716e",57,"background-color | .verticalLine (1); background-color | .bg-colour--grey (1); color | .forum-topic-meta (1); background-color | portfolio-btn-dropdown .dropdown-option:active,.si-portfolio-btn-dropdown .dropdown-option:active:hover,.si-portfolio-btn-dropdown .dropdown-option:active:focus (1); color | .si-transfer-money__label (1); color | .si-transfer-money-balance (1); box-shadow | .si-resale__message--warning (1); box-shadow | .si-resale__message--success (1)"
"#b02525",42,"border-color | .si-form-control.input-validation-error,.input-validation-error#opc_dropdown.form-control (2); outline-color | .si-form-control.input-validation-error:focus,.input-validation-error#opc_dropdown.form-control:focus (2); color | .type-error (1); color | .forum-form .error:not(input):not(textarea) (1); color | .si-payment-error (1); color | .si-transfer-money .field-validation-error,.si-transfer-money .field-validation-error-additional (1); border | .si-resale__message--warning (1); color | .si-resale__available-investments .brand-danger (1)"
"#f7d9e8",38,"background-color | .bg-color--tertiary (1); background-color | .bg-colour--primary-surface,.bg-color--primary-surface (1); background-color | .btn-primary--bordered:hover,.si-btn-primary--bordered:hover (1); background-color | .btn-primary--bordered:active,.si-btn-primary--bordered:active (1); background-color | .btn-primary--bordered:focus,.si-btn-primary--bordered:focus (1); background-color | .btn-primary--floating:hover,.si-btn-primary--floating:hover (1); background-color | .btn-primary--floating:active,.si-btn-primary--floating:active (1); background-color | .btn-primary--floating:focus,.si-btn-primary--floating:focus (1)"
"#212529",38,"--bs-dark | Copyright 2011-2021 The Bootstrap Authors * Copyright 2011-2021 Twitter, Inc. * Licensed under MIT (https://github.com/twbs/bootstrap/blob/main/LICENSE) */:root (1); color | body (1); background-color | kbd (1); --bs-table-striped-color | .table (1); --bs-table-active-color | .table (1); --bs-table-hover-color | .table (1); color | .table (1); --bs-table-bg | .table-dark (1)"
"#0d6efd",33,"--bs-blue | Copyright 2011-2021 The Bootstrap Authors * Copyright 2011-2021 Twitter, Inc. * Licensed under MIT (https://github.com/twbs/bootstrap/blob/main/LICENSE) */:root (1); --bs-primary | Copyright 2011-2021 The Bootstrap Authors * Copyright 2011-2021 Twitter, Inc. * Licensed under MIT (https://github.com/twbs/bootstrap/blob/main/LICENSE) */:root (1); color | a (1); background-color | .form-check-input:checked (1); border-color | .form-check-input:checked (1); background-color | .form-check-input[type=checkbox]:indeterminate (1); border-color | .form-check-input[type=checkbox]:indeterminate (1); background-color | .form-range::-webkit-slider-thumb (1)"
"#f1eeed",33,"background-color | .si-input-prefix (1); border-bottom | .ui-datepicker-calendar thead (1); background-color | .brand-figure figcaption (1); background-color | .alert-neutral (1); background-color | .file-drop-area (1); background-color | .si-badge__exterior--bordered-default (1); background | .abundance-card--color-neutral-light (1); background-color | .abundance-note (1)"
"#6c757d",31,"--bs-gray | Copyright 2011-2021 The Bootstrap Authors * Copyright 2011-2021 Twitter, Inc. * Licensed under MIT (https://github.com/twbs/bootstrap/blob/main/LICENSE) */:root (1); --bs-secondary | Copyright 2011-2021 The Bootstrap Authors * Copyright 2011-2021 Twitter, Inc. * Licensed under MIT (https://github.com/twbs/bootstrap/blob/main/LICENSE) */:root (1); color | caption (1); color | .blockquote-footer (1); color | .figure-caption (1); color | .form-text (1); color | .form-control::placeholder (1); background-color | .btn-secondary (1)"
"#e9e4e3",29,"background-color | .bg-colour--neutral--300,.bg-color--neutral--300 (1); background-color | .brand-btn-grey--bordered:hover (1); background-color | .brand-btn-grey--bordered:active (1); background-color | .brand-btn-grey--floating:hover (1); background-color | .brand-btn-grey--floating:active (1); border | .si-modal (1); border-top | .si-page-table--sm-only-compact .si-page-table__tbody-tr--returns (1); background-color | .si-page-table--sm-only-compact .si-page-table__thead-th--statement (1)"
"#557318",26,"border-color | .si-form-control.valid,.valid#opc_dropdown.form-control (2); outline-color | .si-form-control.valid:focus,.valid#opc_dropdown.form-control:focus (2); background-color | .cookie-settings label input[value*=True]:checked~.cookie-setting__item--checkmark (1); border | .cookie-settings label input[value*=True]:checked~.cookie-setting__item--checkmark (1); color | .cookie-settings label input[value*=True]:checked~.cookie-setting__item--label (1); color | .cookie-settings--confirmation (1); color | .type-valid (1); color | .si-transfer-money .field-validation-valid (1)"
"#dc3545",25,"--bs-red | Copyright 2011-2021 The Bootstrap Authors * Copyright 2011-2021 Twitter, Inc. * Licensed under MIT (https://github.com/twbs/bootstrap/blob/main/LICENSE) */:root (1); --bs-danger | Copyright 2011-2021 The Bootstrap Authors * Copyright 2011-2021 Twitter, Inc. * Licensed under MIT (https://github.com/twbs/bootstrap/blob/main/LICENSE) */:root (1); color | .invalid-feedback (1); border-color | .was-validated .form-control:invalid,.form-control.is-invalid (1); border-color | .was-validated .form-control:invalid:focus,.form-control.is-invalid:focus (1); border-color | .was-validated .form-select:invalid,.form-select.is-invalid (1); border-color | .was-validated .form-select:invalid:focus,.form-select.is-invalid:focus (1); border-color | .was-validated .form-check-input:invalid,.form-check-input.is-invalid (1)"
"#198754",25,"--bs-green | Copyright 2011-2021 The Bootstrap Authors * Copyright 2011-2021 Twitter, Inc. * Licensed under MIT (https://github.com/twbs/bootstrap/blob/main/LICENSE) */:root (1); --bs-success | Copyright 2011-2021 The Bootstrap Authors * Copyright 2011-2021 Twitter, Inc. * Licensed under MIT (https://github.com/twbs/bootstrap/blob/main/LICENSE) */:root (1); color | .valid-feedback (1); border-color | .was-validated .form-control:valid,.form-control.is-valid (1); border-color | .was-validated .form-control:valid:focus,.form-control.is-valid:focus (1); border-color | .was-validated .form-select:valid,.form-select.is-valid (1); border-color | .was-validated .form-select:valid:focus,.form-select.is-valid:focus (1); border-color | .was-validated .form-check-input:valid,.form-check-input.is-valid (1)"
"#f8f9fa",19,"--bs-light | Copyright 2011-2021 The Bootstrap Authors * Copyright 2011-2021 Twitter, Inc. * Licensed under MIT (https://github.com/twbs/bootstrap/blob/main/LICENSE) */:root (1); --bs-table-bg | .table-light (1); background-color | .btn-light (1); border-color | .btn-light (1); background-color | .btn-light:disabled,.btn-light.disabled (1); border-color | .btn-light:disabled,.btn-light.disabled (1); color | .btn-outline-light (1); border-color | .btn-outline-light (1)"
"#faf8f8",18,"background-color | .bg-color--secondary (1); background-color | .bg-colour--neutral--100,.bg-color--neutral--100 (1); background-color | .si-nav (1); background-color | .si-nav__combined-menu-container (1); background-color | .si-nav__combined-menu-container::before (1); background | .si-nav__dropdown-menu (1); background-color | .si-page__top--messages (1); background-color | @media(max-width: 767px){.si-page__top--messages (1)"
"#dee2e6",18,"border-color | .nav-tabs .nav-link.active,.nav-tabs .nav-item.show .nav-link (2); border | .img-thumbnail (1); border-color | .table (1); background-color | .form-range::-webkit-slider-runnable-track (1); background-color | .form-range::-moz-range-track (1); border-bottom | .nav-tabs (1); border-color | .nav-tabs .nav-link:hover,.nav-tabs .nav-link:focus (1); border | .page-link (1)"
"#ffeecd",18,"background-color | .bg-colour--yellow-surface,.bg-color--yellow-surface (1); background-color | .brand-btn-yellow (1); border-color | .brand-btn-yellow (1); background-color | .brand-btn-yellow:active (1); background-color | .brand-btn-yellow:focus (1); border-color | .brand-btn-yellow:focus (1); background-color | .brand-btn-yellow--bordered:hover (1); background-color | .brand-btn-yellow--bordered:active (1)"
"#1f8f26",18,"color | .si-page-highlight-box__data--green (1); color | .si-page-dropdown__toggle[data-account-type='IF ISA portfolio'] span (1); color | .si-page-dropdown__menu-btn[data-account-type='IF ISA portfolio'] (1); color | .si-page-dropdown__menu-btn.active[data-account-type='IF ISA portfolio'] (1); color | .si-portfolio-link--green (1); color | link--green:hover,.si-portfolio-link--green:focus,.si-portfolio-link--green:active,.si-portfolio-link--green:active:hover,.si-portfolio-link--green:active:focus (1); color | .si-portfolio-return-wallet-dropdown__btn--ifisa (1); color | .si-transaction-statement-dropdown__panel[data-text='IF ISA portfolio'] span (1)"
"#ffc107",17,"--bs-yellow | Copyright 2011-2021 The Bootstrap Authors * Copyright 2011-2021 Twitter, Inc. * Licensed under MIT (https://github.com/twbs/bootstrap/blob/main/LICENSE) */:root (1); --bs-warning | Copyright 2011-2021 The Bootstrap Authors * Copyright 2011-2021 Twitter, Inc. * Licensed under MIT (https://github.com/twbs/bootstrap/blob/main/LICENSE) */:root (1); background-color | .btn-warning (1); border-color | .btn-warning (1); background-color | .btn-warning:disabled,.btn-warning.disabled (1); border-color | .btn-warning:disabled,.btn-warning.disabled (1); color | .btn-outline-warning (1); border-color | .btn-outline-warning (1)"
"#0dcaf0",17,"--bs-cyan | Copyright 2011-2021 The Bootstrap Authors * Copyright 2011-2021 Twitter, Inc. * Licensed under MIT (https://github.com/twbs/bootstrap/blob/main/LICENSE) */:root (1); --bs-info | Copyright 2011-2021 The Bootstrap Authors * Copyright 2011-2021 Twitter, Inc. * Licensed under MIT (https://github.com/twbs/bootstrap/blob/main/LICENSE) */:root (1); background-color | .btn-info (1); border-color | .btn-info (1); background-color | .btn-info:disabled,.btn-info.disabled (1); border-color | .btn-info:disabled,.btn-info.disabled (1); color | .btn-outline-info (1); border-color | .btn-outline-info (1)"
"#cc9223",17,"color | .brand-btn-yellow--bordered (1); color | .brand-btn-yellow--bordered:hover (1); border-color | .brand-btn-yellow--bordered:active (1); color | .brand-btn-yellow--bordered:active (1); color | .brand-btn-yellow--bordered:focus (1); color | .brand-btn-yellow--floating (1); color | .brand-btn-yellow--floating:hover (1); color | .brand-btn-yellow--floating:active (1)"
"#c10c21",16,"border-color | .si-badge__exterior--bordered-failure (1); background-color | .si-badge--Failed,.si-badge--failure,.si-badge--Refunded,.si-badge--TransferFailed (1); color | .si-badge__font--Failed,.si-badge__font--failure,.si-badge__font--Refunded,.si-badge__font--TransferFailed (1); color | .si-page-radio__error-message (1); color | .si-page-radio__error-message a (1); color | .si-auth #opc_error_message,.si-auth-footer #opc_error_message (1); border-color | r,.si-auth-footer input[type=number].input-validation-error,.si-auth-footer input[type=tel].input-validation-error,.si-auth-footer select.input-validation-error (1); border | .si-auth input.si-auth-input--valid-input.input-validation-error (1)"
"#ffb72c",15,"background-color | .bg-colour--yellow,.bg-color--yellow (1); background-color | .brand-btn-yellow:hover (1); border-color | .brand-btn-yellow:hover (1); border-color | .brand-btn-yellow:active (1); border-color | .brand-btn-yellow--bordered (1); border-color | .brand-btn-yellow--bordered:hover (1); border-color | .brand-btn-yellow--bordered:focus (1); border-color | .brand-btn-yellow--floating:active (1)"
"#90908d",15,"border | .pagination a:hover,.pagination a:focus,.pagination a:active,.pagination a:active:hover,.pagination a:active:focus (1); border-color | ination>li.active a:hover,.pagination>li.active a:focus,.pagination>li.active a:active,.pagination>li.active a:active:hover,.pagination>li.active a:active:focus (1); border | .ui-datepicker select.ui-datepicker-month,.ui-datepicker select.ui-datepicker-year (1); border | .si-pagination .pagination>li>a (1); border | .si-page__input-group .input-group-addon (1); border-right | .si-invest-input-currency-group__text (1); border | .pitch-page-tabpanel__dropdown-panel (1); border | .styled-select__wrapper .styled-select (1)"
"#176f1d",15,"border-color | .si-badge__exterior--bordered-paid (1); border-color | .si-badge__exterior--ifisa-portfolio (1); background-color | .si-badge--Succeeded,.si-badge--success,.si-badge--paid,.si-badge--TransferCreated (1); color | .si-badge__font--Succeeded,.si-badge__font--success,.si-badge__font--paid,.si-badge__font--TransferCreated (1); color | .abundance-badge--isa-portfolio (1); border | .abundance-badge--framed.abundance-badge--isa-portfolio (1); color | .abundance-card--isa-portfolio a (1); color | -card--isa-portfolio a:focus,.abundance-card--isa-portfolio a:active,.abundance-card--isa-portfolio a:active:hover,.abundance-card--isa-portfolio a:active:focus (1)"
"#cccccc",14,"border | e-hover,.ui-widget-header .ui-state-hover,.ui-state-focus,.ui-widget-content .ui-state-focus,.ui-widget-header .ui-state-focus,.ui-button:hover,.ui-button:focus (1); border-left-color | .is-dropdown__menu a[data-toggle=dropdown]::after (1); border-top-color | .is-dropdown__menu a[data-toggle=dropdown].active::after (1); border-top-color | .dropdown-toggle::after (1); border-left-color | @media(max-width: 1080px){.dropdown-toggle::after (1); border-top-color | .open .dropdown-toggle::after (1); border-top-color | .dropdown-toggle.active::after (1); border-top-color | .dropdown-toggle.show:after (1)"
"#f4f4f4",14,"background-color | .investor-type__title (1); background-color | .investor-card (1); background-color | .si-invest-card (1); background-color | .si-payment .panel-default (1); background | .si-portfolio-btn (1); border | .si-standing-order (1); background-color | .si-standing-order__box (1); background-color | .si-transaction-statement__row--filter (1)"
"rgba(0,0,0,.12)",14,"box-shadow | .search-field (1); box-shadow | .ui-widget.ui-widget-content (1); box-shadow | .brand-navbar .brand-dropdown-menu (1); box-shadow | @media(min-width: 992px){.si-page-card--invest (1); box-shadow | .si-page-modal--isa .modal-content (1); box-shadow | .si-page-dropdown__menu (1); box-shadow | .si-portfolio-investments-tab-menu__dropdown-menu (1); box-shadow | .si-portfolio-hero__main-hero (1)"
"#e9ecef",12,"border-color | .nav-tabs .nav-link:hover,.nav-tabs .nav-link:focus (2); background-color | .form-control:disabled,.form-control[readonly] (1); background-color | .form-control::file-selector-button (1); background-color | .form-control::-webkit-file-upload-button (1); background-color | .form-select:disabled (1); background-color | .input-group-text (1); background-color | .page-link:hover (1); background-color | .page-link:focus (1)"
"hsl(0,0%,76%)",12,"border | .forum-topics__item (1); border-top | .forum-topic-list (1); border-bottom | .forum-topic-msg__header (1); border | .forum-topic-msg-form (1); border-top | .forum-topic-form-footer (1); border-top | .forum-topic-footer (1); border-bottom | .si-resale__tabs (1); border-bottom | .si-resale__table-row,.si-resale__table-header (1)"
"#f9f9f9",11,"background-color | .forum-header,.forum-topics (1); background-color | .forum-topic-msg (1); border-right | .forum-topic-msg__header.has-caret:before (1); background-color | .forum-topic-avatar (1); border-left | .forum-topic__item.reverse .forum-topic-msg__header.has-caret:before (1); background | .si-resale .listing-toggle.expanded .toggle-button (1); border-bottom | .si-resale__available-investments-options (1); background | .si-resale__empty-list (1)"
"#e2e2e2",11,"border-bottom | .si-data-chunk-list--stacked.si-data-chunk-list--with-border .si-data-chunk:not(:last-child) (1); border-top | hr.si-horizontal-rule (1); border | .si-table--borders-all td,.si-table--borders-all th (1); border-bottom | .si-table--borders-between-rows tr,.si-table--borders-below-rows tr (1); border-top | .si-table--borders-between-rows tfoot tr:last-child (1); border-top | .si-table--mobile-stack tbody,.si-table--mobile-stack tfoot,.si-table--mobile-stack-compact tbody,.si-table--mobile-stack-compact tfoot (1); border-bottom | .si-table--mobile-stack tr:not(.si-table__row--ignore-mobile-stack),.si-table--mobile-stack-compact tr:not(.si-table__row--ignore-mobile-stack) (1); border-bottom | .si-table--mobile-stack tr.si-table__row--ignore-mobile-stack,.si-table--mobile-stack-compact tr.si-table__row--ignore-mobile-stack (1)"
"#008391",10,"background-color | .bg-color--risk-warning (1); color | .si-btn--secondary:hover (1); border-color | .si-btn--secondary:active (1); color | .si-input[type=file]::file-selector-button:hover (1); border-color | .si-input[type=file]::file-selector-button:active (1); background | .abundance-badge--secondary (1); border | .abundance-badge--framed.abundance-badge--secondary (1); color | .abundance-badge--no-background.abundance-badge--secondary (1)"
"#f7f7f7",10,"border-bottom | .faq-group-inner (1); background-color | .si-onboarding-page (1); background-color | .si-auth-header (1); background-color | .si-auth-footer__risk (1); background-color | .si-auth-footer__copyright (1); background-color | .si-auth-checkbox~label:before,.si-auth-checkbox__label:before (1); background-color | .si-auth-password-validation__checkbox (1); background-color | .si-auth-warning (1)"
"#185f8c",10,"border-color | .si-alert--info (1); color | .si-alert--info (1); color | .si-status-badge--info (1); border-color | .si-status-badge--info (1); background-color | .si-status-badge__dot--info (1); color | .alert-info (1); border-color | .alert-info (1); color | .alert-info a (1)"
"rgba(54,54,53,.06)",10,"background-color | .si-btn--primary:hover (1); background-color | .si-btn--secondary:hover (1); background-color | .si-btn--tertiary:hover (1); background-color | .si-input[type=file]::file-selector-button:hover (1); box-shadow | hover,.abundance-card--interactive:focus,.abundance-card--interactive:active,.abundance-card--interactive:active:hover,.abundance-card--interactive:active:focus (1); box-shadow | .abundance-card--interactive:has(:focus-visible) (1); box-shadow | .abundance-radio-card:hover,.abundance-radio-card:focus,.abundance-radio-card:active,.abundance-radio-card:active:hover,.abundance-radio-card:active:focus (1); box-shadow | .abundance-radio-card:has(:focus-visible) (1)"
"#964300",10,"border-color | .si-badge__exterior--general-portfolio (1); color | .abundance-badge--general-portfolio (1); border | .abundance-badge--framed.abundance-badge--general-portfolio (1); color | .abundance-card--general-portfolio a (1); color | ortfolio a:focus,.abundance-card--general-portfolio a:active,.abundance-card--general-portfolio a:active:hover,.abundance-card--general-portfolio a:active:focus (1); color | .abundance-dashboard__card-heading-link--general-portfolio a (1); color | lio a:active,.abundance-dashboard__card-heading-link--general-portfolio a:active:hover,.abundance-dashboard__card-heading-link--general-portfolio a:active:focus (1); color | .si-mega-menu__submenu a.si-mega-menu__link--orange (1)"
"rgb(10.4,88,202.4)",9,"color | a:hover (1); border-color | .btn-primary:hover (1); border-color | .btn-check:focus+.btn-primary,.btn-primary:focus (1); background-color | .btn-check:checked+.btn-primary,.btn-check:active+.btn-primary,.btn-primary:active,.btn-primary.active,.show>.btn-primary.dropdown-toggle (1); color | .btn-link:hover (1); color | .nav-link:hover,.nav-link:focus (1); color | .page-link:hover (1); color | .page-link:focus (1)"
"rgba(13,110,253,.25)",9,"box-shadow | .form-control:focus (1); box-shadow | .form-select:focus (1); box-shadow | .form-check-input:focus (1); box-shadow | .form-range:focus::-webkit-slider-thumb (1); box-shadow | .form-range:focus::-moz-range-thumb (1); box-shadow | .btn-check:focus+.btn,.btn:focus (1); box-shadow | .accordion-button:focus (1); box-shadow | .page-link:focus (1)"
"#979797",9,"color | .si-mega-menu__investor-name (1); box-shadow | @media(min-width: 1080px)and (min-width: 1080px){.si-mega-menu__submenu--dark a.si-mega-menu__item:hover (1); border-bottom | @media(max-width: 1079px){.si-mega-menu__item (1); border-color | @media(min-width: 1080px){.si-mega-menu__item--border (1); border-bottom | @media(max-width: 1079px){.si-mega-menu__main-link (1); border | .checkbox-round .checkmark (1); border | .si-auth-footer input[type=password],.si-auth-footer input[type=email],.si-auth-footer input[type=number],.si-auth-footer input[type=tel],.si-auth-footer select (1); border | .si-auth-checkbox~label:before,.si-auth-checkbox__label:before (1)"
"#a95214",9,"border-color | .si-alert--warning (1); color | .si-alert--warning (1); color | .si-status-badge--warning (1); border-color | .si-status-badge--warning (1); background-color | .si-status-badge__dot--warning (1); color | .alert-warning (1); border-color | .alert-warning (1); color | .alert-warning a (1)"
"#c25600",9,"color | .si-page-dropdown__toggle[data-account-type='General portfolio'] span (1); color | .si-page-dropdown__menu-btn[data-account-type='General portfolio'] (1); color | .si-page-dropdown__menu-btn.active[data-account-type='General portfolio'] (1); color | .si-portfolio-link--orange (1); color | -orange:hover,.si-portfolio-link--orange:focus,.si-portfolio-link--orange:active,.si-portfolio-link--orange:active:hover,.si-portfolio-link--orange:active:focus (1); color | .si-portfolio-return-wallet-dropdown__btn--general (1); color | .si-transaction-statement-dropdown__panel[data-text='General portfolio'] span (1); color | .si-transaction-statement-dropdown-menu__btn span[data-account-type=General] (1)"
"rgba(54,54,53,.5)",9,"color | .si-auth input:-ms-input-placeholder,.si-auth-footer input:-ms-input-placeholder (2); color | .si-auth input::placeholder,.si-auth-footer input::placeholder (1); color | .si-auth input::-ms-input-placeholder,.si-auth-footer input::-ms-input-placeholder (1); color | .si-auth input::-webkit-input-placeholder,.si-auth-footer input::-webkit-input-placeholder (1); color | .si-auth input::-moz-placeholder,.si-auth-footer input::-moz-placeholder (1); color | .si-auth select,.si-auth-footer select (1); color | .si-auth option:first-child,.si-auth-footer option:first-child (1); color | .si-auth-app-test__title (1)"
"hsl(0,0%,95%)",8,"background-color | .si-portfolio__col--highlighted (1); background-color | .si-transfer-money__input:disabled,.si-transfer-money input[type=text]:disabled (1); border-color | .si-transfer-money__input:disabled,.si-transfer-money input[type=text]:disabled (1); background-color | .si-transfer-money__direction (1); background | .si-resale__pitch .PitchInvestment-content,.si-resale__pitch--confirm .PitchInvestment-content (1); background | .framework-skeleton__text,.framework-skeleton__list-item (1); color | .framework-skeleton__text,.framework-skeleton__list-item (1); background-color | .timeline-horizontal:before (1)"
"#cdebf0",8,"background-color | .bg-colour--secondary--surface,.bg-color--secondary--surface (1); background-color | .btn-secondary--bordered:hover,.si-btn-secondary--bordered:hover (1); background-color | .btn-secondary--bordered:active,.si-btn-secondary--bordered:active (1); background-color | .btn-secondary--floating:hover,.si-btn-secondary--floating:hover (1); background-color | .btn-secondary--floating:active,.si-btn-secondary--floating:active (1); background | .abundance-card--color-cyan-very-light (1); background-color | .abundance-radio-card--secondary:has(input:checked) (1); background-color | .pitch-page-hero--company (1)"
"#f27fae",8,"background-color | .bg-colour--pink,.bg-color--pink (1); background | .abundance-card--color-pink (1); border-left | .abundance-disclaimer (1); border-left | .abundance-quote (1); background-color | .abundance-blob--pink (1); color | .abundance-radio-card--primary li::marker (1); color | .abundance-radio-card--primary hr (1); border-color | .abundance-radio-card--primary:has(input:checked) (1)"
"rgba(54,54,53,.6)",7,"background-color | .bg-color--backdrop (1); background-color | .si-loading-spinner--overlay (1); background-color | .si-modal::backdrop (1); background-color | .si-nav__expanded-menu-backdrop (1); background-color | .si-mega-menu__dropdown-btn.show~.si-mega-menu__backdrop (1); background-color | .si-mega-menu__backdrop.active (1); color | .si-impact-feed__post-date (1)"
"rgba(0,0,0,.1)",7,"border-color | .navbar-light .navbar-toggler (1); border | .toast (1); box-shadow | @media(min-width: 1080px){.is-dropdown__menu (1); box-shadow | .si-mega-menu a.si-mega-menu__item:active (1); box-shadow | .alert-warning (1); box-shadow | .alert-inf (1); box-shadow | .si-impact-feed__card (1)"
"rgba(0,0,0,.2)",7,"border | .modal-content (1); border | .popover (1); border-bottom | .popover-header (1); border-right | .offcanvas-start (1); border-left | .offcanvas-end (1); border-bottom | .offcanvas-top (1); border-top | .offcanvas-bottom (1)"
"#dddddd",7,"border-color | .pagination>li>a:hover,.pagination>li>a:focus,.pagination>li>a:active,.pagination>li>a:active:hover,.pagination>li>a:active:focus (1); border | .pagination>li>a (1); border | .ui-widget-content (1); border | .ui-widget-header (1); background | .styled-checkbox:disabled~label:before (1); box-shadow | .nda-box (1); border-bottom | .si-transaction-statement-heading (1)"
"#58585a",7,"color | .powered-by-mangopay (1); background-color | .btn-primary[disabled]:hover,.si-btn-primary[disabled]:hover,.brand-btn-primary[disabled]:hover (1); border-color | .btn-primary[disabled]:hover,.si-btn-primary[disabled]:hover,.brand-btn-primary[disabled]:hover (1); background-color | .brand-navbar__login-btn-primary[disabled]:hover (1); border-color | .brand-navbar__login-btn-primary[disabled]:hover (1); background-color | .si-auth-button-primary[disabled]:hover (1); border-color | .si-auth-button-primary[disabled]:hover (1)"
"hsl(0,0%,85%)",7,"border | .si-invest-inner (1); border-right | .si-invest-card-item--left (1); border | .PitchInvestment-content,.PitchInvesment-content (1); border | .PitchInvestment-content (1); border-bottom | .si-portfolio-link--funds a:first-of-type (1); border-top | .si-portfolio-profile-card (1); border | .si-panel (1)"
"rgba(151,151,151,.15)",7,"border-top | .si-auth-footer__risk (1); border-bottom | .si-auth-footer__risk (1); border-top | .si-auth-ruler (1); border | .si-auth-file-drop (1); border | .si-auth-identity-doc__upload[src*=blob] (1); border-top | .navbar .nav .si-auth-account-menu__link (1); border-color | ocus,.navbar .nav .si-auth-account-menu__link:active,.navbar .nav .si-auth-account-menu__link:active:hover,.navbar .nav .si-auth-account-menu__link:active:focus (1)"
"rgba(0,0,0,.125)",6,"border | .card (1); border-bottom | .card-header (1); border-top | .card-footer (1); box-shadow | .accordion-button:not(.collapsed) (1); border | .accordion-item (1); border | .list-group-item (1)"
"rgba(0,0,0,.06)",6,"box-shadow | .si-mega-menu a.si-mega-menu__item:active (1); box-shadow | .si-nav (1); box-shadow | .si-nav__dropdown-menu (1); box-shadow | .header (1); box-shadow | .si-mega-menu__card (1); box-shadow | .si-auth-identity-doc__upload[src*=blob] (1)"
"#0b0c0c",6,"color | .si-form-label (2); color | .styled-checkbox~label (1); border | .si-form-control,#opc_dropdown.form-control (1); border | .si-input-group-text (1); border | .styled-select__wrapper .styled-select (1)"
"rgba(0,0,0,.25)",5,"border | .form-check-input (1); border-top-color | .bs-popover-top>.popover-arrow::before,.bs-popover-auto[data-popper-placement^=top]>.popover-arrow::before (1); border-right-color | .bs-popover-end>.popover-arrow::before,.bs-popover-auto[data-popper-placement^=right]>.popover-arrow::before (1); border-bottom-color | .bs-popover-bottom>.popover-arrow::before,.bs-popover-auto[data-popper-placement^=bottom]>.popover-arrow::before (1); border-left-color | .bs-popover-start>.popover-arrow::before,.bs-popover-auto[data-popper-placement^=left]>.popover-arrow::before (1)"
"rgb(7.8,66,151.8)",5,"color | .alert-primary (1); color | .list-group-item-primary (1); color | .list-group-item-primary.list-group-item-action:hover,.list-group-item-primary.list-group-item-action:focus (1); background-color | .list-group-item-primary.list-group-item-action.active (1); border-color | .list-group-item-primary.list-group-item-action.active (1)"
"rgb(64.8,70.2,75)",5,"color | .alert-secondary (1); color | .list-group-item-secondary (1); color | .list-group-item-secondary.list-group-item-action:hover,.list-group-item-secondary.list-group-item-action:focus (1); background-color | .list-group-item-secondary.list-group-item-action.active (1); border-color | .list-group-item-secondary.list-group-item-action.active (1)"
"rgb(15,81,50.4)",5,"color | .alert-success (1); color | .list-group-item-success (1); color | .list-group-item-success.list-group-item-action:hover,.list-group-item-success.list-group-item-action:focus (1); background-color | .list-group-item-success.list-group-item-action.active (1); border-color | .list-group-item-success.list-group-item-action.active (1)"
"rgb(5.2,80.8,96)",5,"color | .alert-info (1); color | .list-group-item-info (1); color | .list-group-item-info.list-group-item-action:hover,.list-group-item-info.list-group-item-action:focus (1); background-color | .list-group-item-info.list-group-item-action.active (1); border-color | .list-group-item-info.list-group-item-action.active (1)"
"rgb(102,77.2,2.8)",5,"color | .alert-warning (1); color | .list-group-item-warning (1); color | .list-group-item-warning.list-group-item-action:hover,.list-group-item-warning.list-group-item-action:focus (1); background-color | .list-group-item-warning.list-group-item-action.active (1); border-color | .list-group-item-warning.list-group-item-action.active (1)"
"rgb(132,31.8,41.4)",5,"color | .alert-danger (1); color | .list-group-item-danger (1); color | .list-group-item-danger.list-group-item-action:hover,.list-group-item-danger.list-group-item-action:focus (1); background-color | .list-group-item-danger.list-group-item-action.active (1); border-color | .list-group-item-danger.list-group-item-action.active (1)"
"rgb(99.2,99.6,100)",5,"color | .alert-light (1); color | .list-group-item-light (1); color | .list-group-item-light.list-group-item-action:hover,.list-group-item-light.list-group-item-action:focus (1); background-color | .list-group-item-light.list-group-item-action.active (1); border-color | .list-group-item-light.list-group-item-action.active (1)"
"rgb(19.8,22.2,24.6)",5,"color | .alert-dark (1); color | .list-group-item-dark (1); color | .list-group-item-dark.list-group-item-action:hover,.list-group-item-dark.list-group-item-action:focus (1); background-color | .list-group-item-dark.list-group-item-action.active (1); border-color | .list-group-item-dark.list-group-item-action.active (1)"
"#33a475",5,"background | .timeline-marker:before (1); background-color | .timeline-marker:after (1); color | .si-resale__account-card.active .si-resale__card-title (1); background-color | .timeline-horizontal-completed (1); color | .timeline-horizontal-step--completed (1)"
"rgb(107.7813953488,209.2186046512,167.0279069767)",5,"border | .si-resale__message--success (1); border-top | .si-resale__message--success (1); border | .si-resale__account-card.active (1); border | .notification-banner .success-message (1); border-top | .notification-banner .success-message (1)"
"#151943",4,"background-color | .bg-color--invert-primary (1); background-color | .si-page__top--restricted-nav (1); background-color | @media(max-width: 767px){.si-page__top--restricted-nav (1); background-color | .si-page__body--restricted-nav (1)"
"rgba(255,255,255,0.15)",4,"background-image | .progress-bar-striped (3); --bs-gradient | Copyright 2011-2021 The Bootstrap Authors * Copyright 2011-2021 Twitter, Inc. * Licensed under MIT (https://github.com/twbs/bootstrap/blob/main/LICENSE) */:root (1)"
"rgb(134,182.5,254)",4,"border-color | .form-control:focus (1); border-color | .form-select:focus (1); border-color | .form-check-input:focus (1); border-color | .accordion-button:focus (1)"
"rgb(86.4,93.6,100)",4,"border-color | .btn-secondary:hover (1); border-color | .btn-check:focus+.btn-secondary,.btn-secondary:focus (1); background-color | .btn-check:checked+.btn-secondary,.btn-check:active+.btn-secondary,.btn-secondary:active,.btn-secondary.active,.show>.btn-secondary.dropdown-toggle (1); color | .link-secondary:hover,.link-secondary:focus (1)"
"rgb(20,108,67.2)",4,"border-color | .btn-success:hover (1); border-color | .btn-check:focus+.btn-success,.btn-success:focus (1); background-color | .btn-check:checked+.btn-success,.btn-check:active+.btn-success,.btn-success:active,.btn-success.active,.show>.btn-success.dropdown-toggle (1); color | .link-success:hover,.link-success:focus (1)"
"rgb(176,42.4,55.2)",4,"border-color | .btn-danger:hover (1); border-color | .btn-check:focus+.btn-danger,.btn-danger:focus (1); background-color | .btn-check:checked+.btn-danger,.btn-check:active+.btn-danger,.btn-danger:active,.btn-danger.active,.show>.btn-danger.dropdown-toggle (1); color | .link-danger:hover,.link-danger:focus (1)"
"rgb(26.4,29.6,32.8)",4,"border-color | .btn-dark:hover (1); border-color | .btn-check:focus+.btn-dark,.btn-dark:focus (1); background-color | .btn-check:checked+.btn-dark,.btn-check:active+.btn-dark,.btn-dark:active,.btn-dark.active,.show>.btn-dark.dropdown-toggle (1); color | .link-dark:hover,.link-dark:focus (1)"
"#495057",4,"color | .nav-tabs .nav-link.active,.nav-tabs .nav-item.show .nav-link (1); color | .list-group-item-action (1); color | .list-group-item-action:hover,.list-group-item-action:focus (1); color | .si-input-group-text (1)"
"rgba(0,0,0,.9)",4,"color | .navbar-light .navbar-brand (1); color | .navbar-light .navbar-brand:hover,.navbar-light .navbar-brand:focus (1); color | .navbar-light .navbar-nav .show>.nav-link,.navbar-light .navbar-nav .nav-link.active (1); color | .navbar-light .navbar-text a,.navbar-light .navbar-text a:hover,.navbar-light .navbar-text a:focus (1)"
"#eeeeee",4,"background-color | .cookie-banner (1); border-left | blockquote (1); background-color | .pagination>li>a:hover,.pagination>li>a:focus,.pagination>li>a:active,.pagination>li>a:active:hover,.pagination>li>a:active:focus (1); border-bottom | .si-portfolio-table td (1)"
"#23527c",4,"color | .pagination>li>a:hover,.pagination>li>a:focus,.pagination>li>a:active,.pagination>li>a:active:hover,.pagination>li>a:active:focus (1); background-color | ination>li.active a:hover,.pagination>li.active a:focus,.pagination>li.active a:active,.pagination>li.active a:active:hover,.pagination>li.active a:active:focus (1); background-color | .pagination>li.active a (1); border | .pagination>li.active a (1)"
"#333333",4,"color | .ui-widget-content (1); color | .ui-widget-content a (1); color | .ui-widget-header (1); color | .ui-widget-header a (1)"
"#e3e3e3",4,"border-left | .breadcrumbs-link:after (1); background-color | .breadcrumbs-link-disabled (1); background-color | .readiness-antiMoney (1); background-color | .styled-checkbox~label:before (1)"
"#606060",4,"color | .breadcrumbs-link-disabled (1); color | isabled:hover,.breadcrumbs-link-disabled:focus,.breadcrumbs-link-disabled:active,.breadcrumbs-link-disabled:active:hover,.breadcrumbs-link-disabled:active:focus (1); border | .checkmark:after (1); color | .breadcrumbs .checkmark:before (1)"
"#c2c2c2",4,"border-bottom | .investor-hr (1); background | .si-list li::after (1); border-left | .si-list li::before (1); color | .si-list li::before (1)"
"#66bb6a",4,"background-color | .styled-checkbox:checked~label:before (1); border-color | .styled-checkbox:checked~label:before (1); background-color | .checkbox-round input:checked~.checkmark (1); border-color | .checkbox-round input:checked~.checkmark (1)"
"hsl(60,.9345794393%,45.9803921569%)",4,"color | .forum-topic-msg__header .forum-topic-title (1); color | .si-resale__available-investments-options .data-chunk (1); color | .data-chunk (1); color | .data-chunk.reversed :first-child (1)"
"#4a4a4a",4,"color | .si-badge (1); color | .alert-success (1); color | .faq-item (1); color | .faq-item:hover,.faq-item:focus,.faq-item:active,.faq-item:active:hover,.faq-item:active:focus (1)"
"hsl(60,1.3452914798%,13.7254901961%)",4,"color | .si-resale__pitch .PitchInvestment-content .si-invest__hint,.si-resale__pitch--confirm .PitchInvestment-content .si-invest__hint (1); color | .si-resale__card-footnote (1); color | .accordion__summary-item span (1); background | .vertical-stepper__step-number (1)"
"hsl(0,65.2582159624%,86.7647058824%)",4,"border | .si-resale .btn--delete (1); background-color | .si-resale .btn--delete:hover (1); background-color | .si-resale__table-row.show-delete-confirm (1); border | .si-resale__table-row.show-delete-confirm .si-resale__confirm-delete a (1)"
"#d5d5d5",4,"border-top | .si-card-summary--ruler (1); border | .wpwl-control (1); border-color | .wpwl-control (1); border-bottom | .preview-card-heading (1)"
"#e4f0fa",4,"background-color | .si-alert--info (1); background-color | .si-status-badge--info (1); background-color | .alert-info (1); background-color | .si-badge__exterior--bordered-pending (1)"
"#fce4e4",4,"background-color | .si-alert--error (1); background-color | .validation-summary-errors.alert.alert-block.alert-danger (1); background-color | .si-status-badge--error (1); background-color | .alert-danger (1)"
"rgba(54,54,53,.1)",4,"background-color | .si-btn--primary:active (1); background-color | .si-btn--secondary:active (1); background-color | .si-btn--tertiary:active (1); background-color | .si-input[type=file]::file-selector-button:active (1)"
"rgba(54,54,53,.12)",4,"border | .si-card,.si-card--primary (1); border | .si-card--secondary (1); border | .si-page__panel (1); border | .abundance-chip-link (1)"
"rgba(54,54,53,.05)",4,"box-shadow | .si-card,.si-card--primary (1); box-shadow | .si-card--secondary (1); box-shadow | .si-page__panel (1); box-shadow | .abundance-card--soft-bordered (1)"
"#d9f3db",4,"background-color | .si-badge__exterior--bordered-paid (1); background-color | .si-badge__exterior--ifisa-portfolio (1); background | .abundance-badge--isa-portfolio (1); background-color | .abundance-card--isa-portfolio (1)"
"rgba(54,54,53,.3)",4,"border | .si-auth-breadcrumbs__checkmark (1); border | .si-auth-breadcrumbs__connect-line (1); background-color | @media(min-width: 1080px){.navbar .nav .si-auth-account-menu.active .si-auth-modal-backdrop (1); background-color | .si-impact-feed__post-thumbnail:before (1)"
"hsla(0,0%,100%,.88)",3,"color | .text-color--invert-secondary (1); color | .si-link--invert (1); color | .si-link--invert:hover,.si-link--invert:focus,.si-link--invert:active,.si-link--invert:active:hover,.si-link--invert:active:focus (1)"
"rgb(206.6,226,254.6)",3,"--bs-table-bg | .table-primary (1); background-color | .alert-primary (1); background-color | .list-group-item-primary (1)"
"rgb(185.94,203.4,229.14)",3,"--bs-table-active-bg | .table-primary (1); border-color | .table-primary (1); background-color | .list-group-item-primary.list-group-item-action:hover,.list-group-item-primary.list-group-item-action:focus (1)"
"rgb(225.6,227.4,229)",3,"--bs-table-bg | .table-secondary (1); background-color | .alert-secondary (1); background-color | .list-group-item-secondary (1)"
"rgb(203.04,204.66,206.1)",3,"--bs-table-active-bg | .table-secondary (1); border-color | .table-secondary (1); background-color | .list-group-item-secondary.list-group-item-action:hover,.list-group-item-secondary.list-group-item-action:focus (1)"
"rgb(209,231,220.8)",3,"--bs-table-bg | .table-success (1); background-color | .alert-success (1); background-color | .list-group-item-success (1)"
"rgb(188.1,207.9,198.72)",3,"--bs-table-active-bg | .table-success (1); border-color | .table-success (1); background-color | .list-group-item-success.list-group-item-action:hover,.list-group-item-success.list-group-item-action:focus (1)"
"rgb(206.6,244.4,252)",3,"--bs-table-bg | .table-info (1); background-color | .alert-info (1); background-color | .list-group-item-info (1)"
"rgb(185.94,219.96,226.8)",3,"--bs-table-active-bg | .table-info (1); border-color | .table-info (1); background-color | .list-group-item-info.list-group-item-action:hover,.list-group-item-info.list-group-item-action:focus (1)"
"rgb(255,242.6,205.4)",3,"--bs-table-bg | .table-warning (1); background-color | .alert-warning (1); background-color | .list-group-item-warning (1)"
"rgb(229.5,218.34,184.86)",3,"--bs-table-active-bg | .table-warning (1); border-color | .table-warning (1); background-color | .list-group-item-warning.list-group-item-action:hover,.list-group-item-warning.list-group-item-action:focus (1)"
"rgb(248,214.6,217.8)",3,"--bs-table-bg | .table-danger (1); background-color | .alert-danger (1); background-color | .list-group-item-danger (1)"
"rgb(223.2,193.14,196.02)",3,"--bs-table-active-bg | .table-danger (1); border-color | .table-danger (1); background-color | .list-group-item-danger.list-group-item-action:hover,.list-group-item-danger.list-group-item-action:focus (1)"
"#ced4da",3,"border | .form-control (1); border | .form-select (1); border | .input-group-text (1)"
"rgb(182.4,211.5,254.4)",3,"background-color | .form-range::-webkit-slider-thumb:active (1); background-color | .form-range::-moz-range-thumb:active (1); border-color | .alert-primary (1)"
"rgba(25,135,84,.25)",3,"box-shadow | .was-validated .form-control:valid:focus,.form-control.is-valid:focus (1); box-shadow | .was-validated .form-select:valid:focus,.form-select.is-valid:focus (1); box-shadow | .was-validated .form-check-input:valid:focus,.form-check-input.is-valid:focus (1)"
"rgba(220,53,69,.25)",3,"box-shadow | .was-validated .form-control:invalid:focus,.form-control.is-invalid:focus (1); box-shadow | .was-validated .form-select:invalid:focus,.form-select.is-invalid:focus (1); box-shadow | .was-validated .form-check-input:invalid:focus,.form-check-input.is-invalid:focus (1)"
"rgb(37.2,207.3,241.5)",3,"border-color | .btn-info:hover (1); border-color | .btn-check:focus+.btn-info,.btn-info:focus (1); border-color | .btn-check:checked+.btn-info,.btn-check:active+.btn-info,.btn-info:active,.btn-info.active,.show>.btn-info.dropdown-toggle (1)"
"rgb(255,199.2,31.8)",3,"border-color | .btn-warning:hover (1); border-color | .btn-check:focus+.btn-warning,.btn-warning:focus (1); border-color | .btn-check:checked+.btn-warning,.btn-check:active+.btn-warning,.btn-warning:active,.btn-warning.active,.show>.btn-warning.dropdown-toggle (1)"
"rgb(248.7,249.6,250.5)",3,"border-color | .btn-light:hover (1); border-color | .btn-check:focus+.btn-light,.btn-light:focus (1); border-color | .btn-check:checked+.btn-light,.btn-check:active+.btn-light,.btn-light:active,.btn-light.active,.show>.btn-light.dropdown-toggle (1)"
"rgba(0,0,0,.55)",3,"color | .navbar-light .navbar-nav .nav-link (1); color | .navbar-light .navbar-toggler (1); color | .navbar-light .navbar-text (1)"
"hsla(0,0%,100%,.55)",3,"color | .navbar-dark .navbar-nav .nav-link (1); color | .navbar-dark .navbar-toggler (1); color | .navbar-dark .navbar-text (1)"
"rgba(0,0,0,.15)",3,"box-shadow | .toast (1); box-shadow | .shadow (1); box-shadow | .si-withdraw-account-box (1)"
"rgba(0,0,0,.05)",3,"border-bottom | .toast-header (1); border-bottom | .is-dropdown__menu a (1); box-shadow | .is-dropdown__menu:before (1)"
"#5f3f3f",3,"color | .ui-state-error,.ui-widget-content .ui-state-error,.ui-widget-header .ui-state-error (1); color | .ui-state-error a,.ui-widget-content .ui-state-error a,.ui-widget-header .ui-state-error a (1); color | .ui-state-error-text,.ui-widget-content .ui-state-error-text,.ui-widget-header .ui-state-error-text (1)"
"#666666",3,"-webkit-box-shadow | .ui-widget-shadow (1); box-shadow | .ui-widget-shadow (1); border | .si-invest-units (1)"
"hsl(0,65.2582159624%,26.7647058824%)",3,"background-color | .cookie-settings label input[value*=False]:checked~.cookie-setting__item--checkmark (1); border | .cookie-settings label input[value*=False]:checked~.cookie-setting__item--checkmark (1); color | .cookie-settings label input[value*=False]:checked~.cookie-setting__item--label (1)"
"#a5a5a5",3,"border | .cookie-settings label .cookie-setting__item--checkmark (1); color | .si-card-notice (1); color | .wpwl-label (1)"
"hsl(0,65.2582159624%,81.7647058824%)",3,"background | .si-resale__message--warning (1); background | .si-resale__table-row.show-delete-confirm .si-resale__confirm-delete a:hover (1); background | .notification-banner span.field-validation-error (1)"
"rgb(243.9395348837,251.5604651163,248.3906976744)",3,"background | .si-resale__message--success (1); background | .si-resale__account-card.active (1); background | .notification-banner .success-message (1)"
"hsl(60,1.3452914798%,88.7254901961%)",3,"background | .si-resale__account-card[disabled]:hover,.si-resale__account-card[disabled].selected,.si-resale__account-card[disabled].active (1); border-bottom | .accordion.accordion--list (1); border-top | .accordion.accordion--list .accordion__main-content (1)"
"hsl(60,.9345794393%,65.9803921569%)",3,"-webkit-box-shadow | .si-resale .listing-toggle .toggle-button (1); -moz-box-shadow | .si-resale .listing-toggle .toggle-button (1); box-shadow | .si-resale .listing-toggle .toggle-button (1)"
"hsl(0,65.2582159624%,11.7647058824%)",3,"border-bottom | .si-resale__table-row.show-delete-confirm (1); color | .si-resale__table-row.show-delete-confirm .si-resale__confirm-delete a:hover (1); color | .si-resale__table-row.show-delete-confirm .si-resale__confirm-delete button:hover (1)"
"#202020",3,"color | .alert-danger (1); color | .alert-danger a (1); color | .alert-danger a:hover,.alert-danger a:focus,.alert-danger a:active,.alert-danger a:active:hover,.alert-danger a:active:focus (1)"
"#eff8cf",3,"background-color | .si-alert--success (1); background-color | .si-status-badge--success (1); background-color | .alert-success (1)"
"#fbf0ca",3,"background-color | .si-alert--warning (1); background-color | .si-status-badge--warning (1); background-color | .alert-warning (1)"
"#fbd7bb",3,"background-color | .si-badge__exterior--general-portfolio (1); background | .abundance-badge--general-portfolio (1); background-color | .abundance-card--general-portfolio (1)"
"rgba(54,54,53,.08)",3,"box-shadow | .abundance-card--soft (1); box-shadow | .abundance-card--soft-bordered (1); border | .abundance-card--soft-bordered (1)"
"#07828f",3,"background-color | .abundance-stepped-progress__step.complete (1); border-color | .abundance-stepped-progress__step.complete (1); background-color | .abundance-stepped-progress__step.active (1)"
"#d63384",2,"--bs-pink | Copyright 2011-2021 The Bootstrap Authors * Copyright 2011-2021 Twitter, Inc. * Licensed under MIT (https://github.com/twbs/bootstrap/blob/main/LICENSE) */:root (1); color | code (1)"
"rgba(255,255,255,0)",2,"--bs-gradient | Copyright 2011-2021 The Bootstrap Authors * Copyright 2011-2021 Twitter, Inc. * Licensed under MIT (https://github.com/twbs/bootstrap/blob/main/LICENSE) */:root (1); background | [data-loading=true]:after (1)"
"rgb(223.2,224.1,225)",2,"--bs-table-active-bg | .table-light (1); border-color | .table-light (1)"
"rgb(55.2,58.8,62.4)",2,"--bs-table-active-bg | .table-dark (1); border-color | .table-dark (1)"
"rgb(221.35,224.2,227.05)",2,"background-color | .form-control:hover:not(:disabled):not([readonly])::file-selector-button (1); background-color | .form-control:hover:not(:disabled):not([readonly])::-webkit-file-upload-button (1)"
"#adb5bd",2,"background-color | .form-range:disabled::-webkit-slider-thumb (1); background-color | .form-range:disabled::-moz-range-thumb (1)"
"rgb(11.05,93.5,215.05)",2,"background-color | .btn-primary:hover (1); background-color | .btn-check:focus+.btn-primary,.btn-primary:focus (1)"
"rgba(49.3,131.75,253.3,.5)",2,"box-shadow | .btn-check:focus+.btn-primary,.btn-primary:focus (1); box-shadow | eck:checked+.btn-primary:focus,.btn-check:active+.btn-primary:focus,.btn-primary:active:focus,.btn-primary.active:focus,.show>.btn-primary.dropdown-toggle:focus (1)"
"rgb(91.8,99.45,106.25)",2,"background-color | .btn-secondary:hover (1); background-color | .btn-check:focus+.btn-secondary,.btn-secondary:focus (1)"
"rgba(130.05,137.7,144.5,.5)",2,"box-shadow | .btn-check:focus+.btn-secondary,.btn-secondary:focus (1); box-shadow | d+.btn-secondary:focus,.btn-check:active+.btn-secondary:focus,.btn-secondary:active:focus,.btn-secondary.active:focus,.show>.btn-secondary.dropdown-toggle:focus (1)"
"rgb(21.25,114.75,71.4)",2,"background-color | .btn-success:hover (1); background-color | .btn-check:focus+.btn-success,.btn-success:focus (1)"
"rgba(59.5,153,109.65,.5)",2,"box-shadow | .btn-check:focus+.btn-success,.btn-success:focus (1); box-shadow | eck:checked+.btn-success:focus,.btn-check:active+.btn-success:focus,.btn-success:active:focus,.btn-success.active:focus,.show>.btn-success.dropdown-toggle:focus (1)"
"rgb(49.3,209.95,242.25)",2,"background-color | .btn-info:hover (1); background-color | .btn-check:focus+.btn-info,.btn-info:focus (1)"
"rgba(11.05,171.7,204,.5)",2,"box-shadow | .btn-check:focus+.btn-info,.btn-info:focus (1); box-shadow | .btn-check:checked+.btn-info:focus,.btn-check:active+.btn-info:focus,.btn-info:active:focus,.btn-info.active:focus,.show>.btn-info.dropdown-toggle:focus (1)"
"rgb(61.4,212.6,243)",2,"background-color | .btn-check:checked+.btn-info,.btn-check:active+.btn-info,.btn-info:active,.btn-info.active,.show>.btn-info.dropdown-toggle (1); color | .link-info:hover,.link-info:focus (1)"
"rgb(255,202.3,44.2)",2,"background-color | .btn-warning:hover (1); background-color | .btn-check:focus+.btn-warning,.btn-warning:focus (1)"
"rgba(216.75,164.05,5.95,.5)",2,"box-shadow | .btn-check:focus+.btn-warning,.btn-warning:focus (1); box-shadow | eck:checked+.btn-warning:focus,.btn-check:active+.btn-warning:focus,.btn-warning:active:focus,.btn-warning.active:focus,.show>.btn-warning.dropdown-toggle:focus (1)"
"rgb(255,205.4,56.6)",2,"background-color | .btn-check:checked+.btn-warning,.btn-check:active+.btn-warning,.btn-warning:active,.btn-warning.active,.show>.btn-warning.dropdown-toggle (1); color | .link-warning:hover,.link-warning:focus (1)"
"rgb(187,45.05,58.65)",2,"background-color | .btn-danger:hover (1); background-color | .btn-check:focus+.btn-danger,.btn-danger:focus (1)"
"rgba(225.25,83.3,96.9,.5)",2,"box-shadow | .btn-check:focus+.btn-danger,.btn-danger:focus (1); box-shadow | tn-check:checked+.btn-danger:focus,.btn-check:active+.btn-danger:focus,.btn-danger:active:focus,.btn-danger.active:focus,.show>.btn-danger.dropdown-toggle:focus (1)"
"rgb(249.05,249.9,250.75)",2,"background-color | .btn-light:hover (1); background-color | .btn-check:focus+.btn-light,.btn-light:focus (1)"
"rgba(210.8,211.65,212.5,.5)",2,"box-shadow | .btn-check:focus+.btn-light,.btn-light:focus (1); box-shadow | .btn-check:checked+.btn-light:focus,.btn-check:active+.btn-light:focus,.btn-light:active:focus,.btn-light.active:focus,.show>.btn-light.dropdown-toggle:focus (1)"
"rgb(249.4,250.2,251)",2,"background-color | .btn-check:checked+.btn-light,.btn-check:active+.btn-light,.btn-light:active,.btn-light.active,.show>.btn-light.dropdown-toggle (1); color | .link-light:hover,.link-light:focus (1)"
"rgb(28.05,31.45,34.85)",2,"background-color | .btn-dark:hover (1); background-color | .btn-check:focus+.btn-dark,.btn-dark:focus (1)"
"rgba(66.3,69.7,73.1,.5)",2,"box-shadow | .btn-check:focus+.btn-dark,.btn-dark:focus (1); box-shadow | .btn-check:checked+.btn-dark:focus,.btn-check:active+.btn-dark:focus,.btn-dark:active:focus,.btn-dark.active:focus,.show>.btn-dark.dropdown-toggle:focus (1)"
"rgba(13,110,253,.5)",2,"box-shadow | .btn-check:focus+.btn-outline-primary,.btn-outline-primary:focus (1); box-shadow | .btn-check:active+.btn-outline-primary:focus,.btn-outline-primary:active:focus,.btn-outline-primary.active:focus,.btn-outline-primary.dropdown-toggle.show:focus (1)"
"rgba(108,117,125,.5)",2,"box-shadow | .btn-check:focus+.btn-outline-secondary,.btn-outline-secondary:focus (1); box-shadow | ck:active+.btn-outline-secondary:focus,.btn-outline-secondary:active:focus,.btn-outline-secondary.active:focus,.btn-outline-secondary.dropdown-toggle.show:focus (1)"
"rgba(25,135,84,.5)",2,"box-shadow | .btn-check:focus+.btn-outline-success,.btn-outline-success:focus (1); box-shadow | .btn-check:active+.btn-outline-success:focus,.btn-outline-success:active:focus,.btn-outline-success.active:focus,.btn-outline-success.dropdown-toggle.show:focus (1)"
"rgba(13,202,240,.5)",2,"box-shadow | .btn-check:focus+.btn-outline-info,.btn-outline-info:focus (1); box-shadow | -info:focus,.btn-check:active+.btn-outline-info:focus,.btn-outline-info:active:focus,.btn-outline-info.active:focus,.btn-outline-info.dropdown-toggle.show:focus (1)"
"rgba(255,193,7,.5)",2,"box-shadow | .btn-check:focus+.btn-outline-warning,.btn-outline-warning:focus (1); box-shadow | .btn-check:active+.btn-outline-warning:focus,.btn-outline-warning:active:focus,.btn-outline-warning.active:focus,.btn-outline-warning.dropdown-toggle.show:focus (1)"
"rgba(220,53,69,.5)",2,"box-shadow | .btn-check:focus+.btn-outline-danger,.btn-outline-danger:focus (1); box-shadow | cus,.btn-check:active+.btn-outline-danger:focus,.btn-outline-danger:active:focus,.btn-outline-danger.active:focus,.btn-outline-danger.dropdown-toggle.show:focus (1)"
"rgba(248,249,250,.5)",2,"box-shadow | .btn-check:focus+.btn-outline-light,.btn-outline-light:focus (1); box-shadow | t:focus,.btn-check:active+.btn-outline-light:focus,.btn-outline-light:active:focus,.btn-outline-light.active:focus,.btn-outline-light.dropdown-toggle.show:focus (1)"
"rgba(33,37,41,.5)",2,"box-shadow | .btn-check:focus+.btn-outline-dark,.btn-outline-dark:focus (1); box-shadow | -dark:focus,.btn-check:active+.btn-outline-dark:focus,.btn-outline-dark:active:focus,.btn-outline-dark.active:focus,.btn-outline-dark.dropdown-toggle.show:focus (1)"
"rgba(0,0,0,.03)",2,"background-color | .card-header (1); background-color | .card-footer (1)"
"rgb(253.6,253.8,254)",2,"background-color | .alert-light (1); background-color | .list-group-item-light (1)"
"rgb(210.6,211.4,212.2)",2,"background-color | .alert-dark (1); background-color | .list-group-item-dark (1)"
"hsla(0,0%,100%,.85)",2,"background-color | .toast (1); background-color | .toast-header (1)"
"hsl(0,0%,94%)",2,"border-bottom | .bs-popover-bottom .popover-header::before,.bs-popover-auto[data-popper-placement^=bottom] .popover-header::before (1); background-color | .popover-header (1)"
"hsla(0,0%,100%,.5)",2,"color | .text-white-50 (1); background-color | .loading-spinner__full-container (1)"
"#c5c5c5",2,"border | .ui-widget.ui-widget-content (1); border | widget-content .ui-state-default,.ui-widget-header .ui-state-default,.ui-button,html .ui-button.ui-state-disabled:hover,html .ui-button.ui-state-disabled:active (1)"
"#454545",2,"color | widget-content .ui-state-default,.ui-widget-header .ui-state-default,.ui-button,html .ui-button.ui-state-disabled:hover,html .ui-button.ui-state-disabled:active (1); color | .ui-state-default a,.ui-state-default a:link,.ui-state-default a:visited,a.ui-button,a:link.ui-button,a:visited.ui-button,.ui-button (1)"
"#ededed",2,"background | e-hover,.ui-widget-header .ui-state-hover,.ui-state-focus,.ui-widget-content .ui-state-focus,.ui-widget-header .ui-state-focus,.ui-button:hover,.ui-button:focus (1); background | .si-badge (1)"
"#2b2b2b",2,"color | e-hover,.ui-widget-header .ui-state-hover,.ui-state-focus,.ui-widget-content .ui-state-focus,.ui-widget-header .ui-state-focus,.ui-button:hover,.ui-button:focus (1); color |  a:link,.ui-state-hover a:visited,.ui-state-focus a,.ui-state-focus a:hover,.ui-state-focus a:link,.ui-state-focus a:visited,a.ui-button:hover,a.ui-button:focus (1)"
"rgba(0,127,255,.23)",2,"background | .ui-state-active,.ui-widget-content .ui-state-active,.ui-widget-header .ui-state-active,a.ui-button:active,.ui-button:active,.ui-button.ui-state-active:hover (1); border | .ui-icon-background,.ui-state-active .ui-icon-background (1)"
"#dad55e",2,"border | .ui-state-highlight,.ui-widget-content .ui-state-highlight,.ui-widget-header .ui-state-highlight (1); border | .ui-state-checked (1)"
"#fffa90",2,"background | .ui-state-highlight,.ui-widget-content .ui-state-highlight,.ui-widget-header .ui-state-highlight (1); background | .ui-state-checked (1)"
"#777620",2,"color | .ui-state-highlight,.ui-widget-content .ui-state-highlight,.ui-widget-header .ui-state-highlight (1); color | .ui-state-highlight a,.ui-widget-content .ui-state-highlight a,.ui-widget-header .ui-state-highlight a (1)"
"#bbbbbb",2,"color | .timeline-info (1); color | .timeline-horizontal__date (1)"
"rgba(0,0,0,.11)",2,"box-shadow | .si-invest-inner (1); box-shadow | .si-panel (1)"
"#f4f0f0",2,"border-top | .si-portfolio-account-wrapper (1); border-bottom | .si-portfolio-account-wrapper (1)"
"hsl(0,65.2582159624%,31.7647058824%)",2,"border-top | .si-resale__message--warning (1); background-color | .si-resale__table-row.show-delete-confirm .si-resale__confirm-delete (1)"
"#8d8d8d",2,"color | .wpwl-control::placeholder (1); color | .wpwl-control-brand,.wpwl-control-brand>option (1)"
"#ffe5e5",2,"background-color | .alert-danger (1); border-color | .alert-danger (1)"
"rgba(176,37,37,.25)",2,"box-shadow | .si-form-control.input-validation-error:focus,.input-validation-error#opc_dropdown.form-control:focus (2)"
"rgba(85,115,24,.25)",2,"box-shadow | .si-form-control.valid:focus,.valid#opc_dropdown.form-control:focus (2)"
"rgb(74.1,74.1,73.2)",2,"border-bottom | .standard-card__title--hr (1); color | .faq-search-list a:not(.faq-search-active) (1)"
"#4d4d4d",2,"color | .search-heading (1); color | .faq-heading (1)"
"rgba(255,255,255,0.5)",2,"background | .shine-animation--primary-surface:after (1); background | [data-loading=true]:after (1)"
"#454543",2,"color | .si-btn--tertiary (1); border-color | .si-btn--tertiary (1)"
"#25ab2d",2,"background | .abundance-card--color-green (1); color | .abundance-dashboard-chart__tooltip-label (1)"
"hsla(0,0%,100%,.08)",2,"background-color | ndance-related-link:hover,.abundance-related-link:focus,.abundance-related-link:active,.abundance-related-link:active:hover,.abundance-related-link:active:focus (1); background-color | .abundance-related-link:has(:focus-visible) (1)"
"hsl(123.75,64.367816092%,64.1176470588%)",2,"border | .si-auth-breadcrumbs__checkmark.complete (1); border | .navbar .nav .si-auth-account-menu__checkmark (1)"
"#6610f2",1,"--bs-indigo | Copyright 2011-2021 The Bootstrap Authors * Copyright 2011-2021 Twitter, Inc. * Licensed under MIT (https://github.com/twbs/bootstrap/blob/main/LICENSE) */:root (1)"
"#6f42c1",1,"--bs-purple | Copyright 2011-2021 The Bootstrap Authors * Copyright 2011-2021 Twitter, Inc. * Licensed under MIT (https://github.com/twbs/bootstrap/blob/main/LICENSE) */:root (1)"
"#fd7e14",1,"--bs-orange | Copyright 2011-2021 The Bootstrap Authors * Copyright 2011-2021 Twitter, Inc. * Licensed under MIT (https://github.com/twbs/bootstrap/blob/main/LICENSE) */:root (1)"
"#20c997",1,"--bs-teal | Copyright 2011-2021 The Bootstrap Authors * Copyright 2011-2021 Twitter, Inc. * Licensed under MIT (https://github.com/twbs/bootstrap/blob/main/LICENSE) */:root (1)"
"#343a40",1,"--bs-gray-dark | Copyright 2011-2021 The Bootstrap Authors * Copyright 2011-2021 Twitter, Inc. * Licensed under MIT (https://github.com/twbs/bootstrap/blob/main/LICENSE) */:root (1)"
"#fcf8e3",1,"background-color | mark,.mark (1)"
"rgba(0,0,0,0.05)",1,"--bs-table-striped-bg | .table (1)"
"rgba(0,0,0,0.1)",1,"--bs-table-active-bg | .table (1)"
"rgba(0,0,0,0.075)",1,"--bs-table-hover-bg | .table (1)"
"rgb(196.27,214.7,241.87)",1,"--bs-table-striped-bg | .table-primary (1)"
"rgb(191.105,209.05,235.505)",1,"--bs-table-hover-bg | .table-primary (1)"
"rgb(214.32,216.03,217.55)",1,"--bs-table-striped-bg | .table-secondary (1)"
"rgb(208.68,210.345,211.825)",1,"--bs-table-hover-bg | .table-secondary (1)"
"rgb(198.55,219.45,209.76)",1,"--bs-table-striped-bg | .table-success (1)"
"rgb(193.325,213.675,204.24)",1,"--bs-table-hover-bg | .table-success (1)"
"rgb(196.27,232.18,239.4)",1,"--bs-table-striped-bg | .table-info (1)"
"rgb(191.105,226.07,233.1)",1,"--bs-table-hover-bg | .table-info (1)"
"rgb(242.25,230.47,195.13)",1,"--bs-table-striped-bg | .table-warning (1)"
"rgb(235.875,224.405,189.995)",1,"--bs-table-hover-bg | .table-warning (1)"
"rgb(235.6,203.87,206.91)",1,"--bs-table-striped-bg | .table-danger (1)"
"rgb(229.4,198.505,201.465)",1,"--bs-table-hover-bg | .table-danger (1)"
"rgb(235.6,236.55,237.5)",1,"--bs-table-striped-bg | .table-light (1)"
"rgb(229.4,230.325,231.25)",1,"--bs-table-hover-bg | .table-light (1)"
"rgb(44.1,47.9,51.7)",1,"--bs-table-striped-bg | .table-dark (1)"
"rgb(49.65,53.35,57.05)",1,"--bs-table-hover-bg | .table-dark (1)"
"rgba(25,135,84,.9)",1,"background-color | .valid-tooltip (1)"
"rgba(220,53,69,.9)",1,"background-color | .invalid-tooltip (1)"
"rgb(9.75,82.5,189.75)",1,"border-color | .btn-check:checked+.btn-primary,.btn-check:active+.btn-primary,.btn-primary:active,.btn-primary.active,.show>.btn-primary.dropdown-toggle (1)"
"rgb(81,87.75,93.75)",1,"border-color | .btn-check:checked+.btn-secondary,.btn-check:active+.btn-secondary,.btn-secondary:active,.btn-secondary.active,.show>.btn-secondary.dropdown-toggle (1)"
"rgb(18.75,101.25,63)",1,"border-color | .btn-check:checked+.btn-success,.btn-check:active+.btn-success,.btn-success:active,.btn-success.active,.show>.btn-success.dropdown-toggle (1)"
"rgb(165,39.75,51.75)",1,"border-color | .btn-check:checked+.btn-danger,.btn-check:active+.btn-danger,.btn-danger:active,.btn-danger.active,.show>.btn-danger.dropdown-toggle (1)"
"rgb(24.75,27.75,30.75)",1,"border-color | .btn-check:checked+.btn-dark,.btn-check:active+.btn-dark,.btn-dark:active,.btn-dark.active,.show>.btn-dark.dropdown-toggle (1)"
"rgba(0,0,0,.7)",1,"color | .navbar-light .navbar-nav .nav-link:hover,.navbar-light .navbar-nav .nav-link:focus (1)"
"rgba(0,0,0,.3)",1,"color | .navbar-light .navbar-nav .nav-link.disabled (1)"
"hsla(0,0%,100%,.75)",1,"color | .navbar-dark .navbar-nav .nav-link:hover,.navbar-dark .navbar-nav .nav-link:focus (1)"
"hsla(0,0%,100%,.25)",1,"color | .navbar-dark .navbar-nav .nav-link.disabled (1)"
"hsla(0,0%,100%,.1)",1,"border-color | .navbar-dark .navbar-toggler (1)"
"rgb(11.7,99,227.7)",1,"color | .accordion-button:not(.collapsed) (1)"
"rgb(230.8,240.5,254.8)",1,"background-color | .accordion-button:not(.collapsed) (1)"
"rgb(6.24,52.8,121.44)",1,"color | .alert-primary .alert-link (1)"
"rgb(210.9,213.6,216)",1,"border-color | .alert-secondary (1)"
"rgb(51.84,56.16,60)",1,"color | .alert-secondary .alert-link (1)"
"rgb(186,219,203.7)",1,"border-color | .alert-success (1)"
"rgb(12,64.8,40.32)",1,"color | .alert-success .alert-link (1)"
"rgb(182.4,239.1,250.5)",1,"border-color | .alert-info (1)"
"rgb(4.16,64.64,76.8)",1,"color | .alert-info .alert-link (1)"
"rgb(255,236.4,180.6)",1,"border-color | .alert-warning (1)"
"rgb(81.6,61.76,2.24)",1,"color | .alert-warning .alert-link (1)"
"rgb(244.5,194.4,199.2)",1,"border-color | .alert-danger (1)"
"rgb(105.6,25.44,33.12)",1,"color | .alert-danger .alert-link (1)"
"rgb(252.9,253.2,253.5)",1,"border-color | .alert-light (1)"
"rgb(79.36,79.68,80)",1,"color | .alert-light .alert-link (1)"
"rgb(188.4,189.6,190.8)",1,"border-color | .alert-dark (1)"
"rgb(15.84,17.76,19.68)",1,"color | .alert-dark .alert-link (1)"
"rgb(228.24,228.42,228.6)",1,"background-color | .list-group-item-light.list-group-item-action:hover,.list-group-item-light.list-group-item-action:focus (1)"
"rgb(189.54,190.26,190.98)",1,"background-color | .list-group-item-dark.list-group-item-action:hover,.list-group-item-dark.list-group-item-action:focus (1)"
"rgba(54,54,53,.15)",1,"border | .dropdown-menu (1)"
"rgba(139,139,139,.5)",1,"border | .pagination>li>a (1)"
"#337ab7",1,"color | .pagination>li>a (1)"
"rgba(0,0,0,.075)",1,"box-shadow | .shadow-sm (1)"
"rgba(0,0,0,.175)",1,"box-shadow | .shadow-lg (1)"
"rgba(0,0,0,.5)",1,"color | .text-black-50 (1)"
"#ff253a",1,"background-color | .fa-layers-counter (1)"
"#e9e9e9",1,"background | .ui-widget-header (1)"
"#f6f6f6",1,"background | widget-content .ui-state-default,.ui-widget-header .ui-state-default,.ui-button,html .ui-button.ui-state-disabled:hover,html .ui-button.ui-state-disabled:active (1)"
"#5e9ed6",1,"box-shadow | .ui-visual-focus (1)"
"#f1a899",1,"border | .ui-state-error,.ui-widget-content .ui-state-error,.ui-widget-header .ui-state-error (1)"
"#fddfdf",1,"background | .ui-state-error,.ui-widget-content .ui-state-error,.ui-widget-header .ui-state-error (1)"
"#aaaaaa",1,"background | .ui-widget-overlay (1)"
"#c9302c",1,"border-color | .btn-danger.focus,.btn-danger:focus (1)"
"rgb(123.9,125.28,179.1)",1,"border | .file-drop-area (1)"
"rgba(193,101,139,.2)",1,"background-color | .file-drop-area.is-active (1)"
"#cbd5da",1,"border | .timeline-marker--incompleted:before (1)"
"#ccd5db",1,"background-color | .timeline-marker--incompleted:after (1)"
"#efefef",1,"border-left | .cookie-settings__item (1)"
"rgba(193,101,139,.9)",1,"background-color | .si-mega-menu__submenu--dark a.si-mega-menu__item:active (1)"
"rgba(98,123,142,.25)",1,"box-shadow | .si-mega-menu a.si-mega-menu__item:hover (1)"
"#727e8a",1,"border | .si-mega-menu a.si-mega-menu__item:focus,.si-mega-menu a.si-mega-menu__item:focus-visible,.si-mega-menu a.si-mega-menu__item:focus-within (1)"
"rgba(193,101,139,.8)",1,"background-color | .si-mega-menu__status-wrapper (1)"
"rgba(54,54,53,.2)",1,"background-color | .si-mega-menu__dropdown-btn.show~.si-mega-menu__backdrop (1)"
"#ffce4e",1,"background-color | .bg-colour--tertiary (1)"
"hsl(0,0%,95.7725490196%)",1,"background-color | .investor-type__title:hover,.investor-type__title:focus,.investor-type__title:active,.investor-type__title:active:hover,.investor-type__title:active:focus (1)"
"#b8b8b8",1,"color | .styled-checkbox:disabled~label (1)"
"#a4a1a1",1,"border | .styled-checkbox--rounded~label:before (1)"
"#6f777b",1,"color | .si-form-hint (1)"
"rgba(54,54,53,.35)",1,"border | .styled-selectbox (1)"
"rgba(113,113,110,.4)",1,"box-shadow | .forum-topics__item:hover,.forum-topics__item.active (1)"
"#da524e",1,"background | .forum-actions (1)"
"#d8d8d8",1,"border | .nda-box (1)"
"#fcfcfc",1,"background | .nda-box (1)"
"rgb(185.6805555556,82.8194444444,125.3055555556)",1,"background-color | list li.active a:focus,.isa-breadcrumbs__list li.active a:active,.isa-breadcrumbs__list li.active a:active:hover,.isa-breadcrumbs__list li.active a:active:focus (1)"
"#00927b",1,"background-color | .si-invest__radio:checked+label:before (1)"
"hsl(60,.9345794393%,21.4803921569%)",1,"color | .si-invest__hint (1)"
"hsl(60,.9345794393%,40.9803921569%)",1,"color | .si-portfolio-submenu__list-item a (1)"
"#00917a",1,"background | .si-badge--paid (1)"
"#c00000",1,"background | .si-badge--failure (1)"
"#ffae0d",1,"background | .si-badge--pending (1)"
"#297bb3",1,"background | .si-badge--refunded (1)"
"#f1f1f1",1,"background-color | .disclaimer-box (1)"
"#d1d0d0",1,"border | .disclaimer-box (1)"
"hsl(60,1.3452914798%,63.7254901961%)",1,"border-top-color | .si-resale__pitch .PitchInvestment-content hr,.si-resale__pitch--confirm .PitchInvestment-content hr (1)"
"hsl(60,1.3452914798%,48.7254901961%)",1,"border-bottom | .si-resale__pitch .PitchInvestment-amount,.si-resale__pitch--confirm .PitchInvestment-amount (1)"
"hsl(0,0%,75%)",1,"border | .si-resale__card (1)"
"rgb(248.6277777778,239.1722222222,243.0777777778)",1,"background | .si-resale__account-card.selected (1)"
"hsl(60,1.3452914798%,3.7254901961%)",1,"color | .si-resale__empty-list (1)"
"#66afe9",1,"border-color | .wpwl-control:focus,.wpwl-control:focus-within (1)"
"#e34c4c",1,"border-top | .alert-danger (1)"
"#e6f5e7",1,"background-color | .alert-success (1)"
"#77aa7b",1,"border-top | .alert-success (1)"
"#fff7e2",1,"background | .alert-warning (1)"
"#f8c635",1,"border-top | .alert-warning (1)"
"#203846",1,"color | .alert-inf (1)"
"#c4e4f6",1,"background | .alert-inf (1)"
"#6bbce9",1,"border-top | .alert-inf (1)"
"#b7b7b7",1,"border-bottom | .si-tabpanel (1)"
"#656565",1,"color | .timeline-horizontal__details (1)"
"rgba(0,0,0,.22)",1,"box-shadow | .risk-warning--footer (1)"
"#3d3d3d",1,"color | .risk-warning--again p (1)"
"rgb(0,219.7422680412,245)",1,"background | .styled-select__option.active (1)"
"rgba(128,127,127,.7)",1,"background | .risk-warning-modal__wrapper#cooling-off-modal (1)"
"rgba(54,54,53,.8)",1,"color | .risk-warning-modal__wrapper:not(.modal-content--cool-off) .modal-header .close (1)"
"rgba(252,249,249,.001)",1,"border | .modal-content (1)"
"rgba(32,37,49,.06)",1,"box-shadow | .modal-content (1)"
"#009eb3",1,"background-color | .bg-colour--lewisham,.bg-color--lewisham (1)"
"#a2bd30",1,"background-color | .bg-colour--suffolk,.bg-color--suffolk (1)"
"#0b2265",1,"background-color | .bg-colour--westminster,.bg-color--westminster (1)"
"hsla(0,0%,100%,.72)",1,"border-color | hr.si-horizontal-rule--invert (1)"
"#ffd9dd",1,"background-color | .si-badge__exterior--bordered-failure (1)"
"rgba(0,0,0,.1019607843)",1,"box-shadow | .abundance-dashboard-council-image (1)"
"#262626",1,"background-color | .abundance-dashboard-chart__tooltip (1)"
"#e7e7e7",1,"color | .abundance-dashboard-chart__tooltip-footer (1)"
"hsla(0,0%,100%,.28)",1,"background | .abundance-related-link::before (1)"
"rgba(0,174,194,.38)",1,"border-color | .abundance-chip-link:hover,.abundance-chip-link:focus-visible (1)"
"rgba(0,174,194,.06)",1,"background | .abundance-chip-link:hover,.abundance-chip-link:focus-visible (1)"
"hsla(0,0%,100%,.18)",1,"background-color | .abundance-blob--white-soft (1)"
"#fef8fb",1,"background-color | .abundance-radio-card--primary:has(input:checked) (1)"
"rgba(77,74,70,.8)",1,"color | .pitch-page-tabpanel__dropdown-panel:after (1)"
"rgba(151,151,151,0.15)",1,"background-image | .si-auth-password-button.active (1)"
"rgb(246.1024390244,111.8975609756,127.4682926829)",1,"border | .si-auth-breadcrumbs__checkmark.failed (1)"
"rgb(236.9166666667,210.0833333333,221.1666666667)",1,"background-color | .si-auth-progress-bar__overall (1)"
"rgba(151,151,151,.5)",1,"box-shadow | .si-auth-radio label:before (1)"
"rgba(31,143,38,.15)",1,"border-color | .si-auth-identity-doc__heading--valid (1)"
"rgba(193,12,33,.15)",1,"border-color | .si-auth-identity-doc__heading--invalid (1)"
"rgba(0,0,0,.08)",1,"box-shadow | .si-auth-card (1)"
"#a9a3ad",1,"color | .si-impact-feed__nav-item (1)"
"hsla(0,0%,100%,.3)",1,"background | [data-loading=true] (1)"
"rgba(54,54,53,.78)",1,"color | .si-card (1)"