group,reference_class,candidate_class,status,issue,context,property,expected,actual
"type","body--xs","body--xs","exact","none","","","",""
"type","body--sm","body--sm","differs","missing","@media(max-width:767px)","line-height","1.45",""
"type","body--sm","body--sm","differs","mismatch","base","letter-spacing",".006em","normal"
"type","body--md","body--md","differs","mismatch","base","letter-spacing",".005em","normal"
"type","body--lg","body--lg","differs","mismatch","base","line-height","1.55","1.5"
"type","body--lg","body--lg","differs","mismatch","base","letter-spacing",".004em","normal"
"type","body--xl","body--xl","differs","mismatch","base","letter-spacing",".002em","normal"
"type","si-heading-1","si-heading-1","differs","missing","base","letter-spacing","-.03em",""
"type","si-heading-1","si-heading-1","differs","missing","@media(max-width:767px)","line-height",".94",""
"type","si-heading-1","si-heading-1","differs","mismatch","base","font-weight","600","700"
"type","si-heading-2","si-heading-2","differs","missing","base","letter-spacing","-.03em",""
"type","si-heading-2","si-heading-2","differs","missing","@media(max-width:767px)","line-height",".96",""
"type","si-heading-2","si-heading-2","differs","mismatch","base","font-weight","600","700"
"type","si-heading-3","si-heading-3","differs","missing","base","letter-spacing","-.03em",""
"type","si-heading-3","si-heading-3","differs","mismatch","base","font-weight","600","700"
"type","si-heading-4","si-heading-4","differs","missing","base","letter-spacing","-.03em",""
"type","si-heading-4","si-heading-4","differs","mismatch","base","font-weight","600","700"
"type","si-heading-5","si-heading-5","differs","missing","base","letter-spacing","-.03em",""
"type","si-heading-5","si-heading-5","differs","mismatch","base","font-weight","600","700"
"type","si-heading-6","si-heading-6","differs","missing","base","letter-spacing","-.03em",""
"type","si-heading-6","si-heading-6","differs","mismatch","base","font-weight","600","700"
"type","label--xs","label--xs","differs","mismatch","base","line-height","1.2","1"
"type","label--xs","label--xs","differs","mismatch","base","color","#363635","#4d4a46"
"type","label--sm","label--sm","differs","mismatch","base","line-height","1.2","1"
"type","label--sm","label--sm","differs","mismatch","base","color","#363635","#4d4a46"
"type","label--md","label--md","differs","mismatch","base","line-height","1.2","1"
"type","label--md","label--md","differs","mismatch","base","color","#363635","#4d4a46"
"type","label--lg","label--lg","differs","mismatch","base","line-height","1.2","1"
"type","label--lg","label--lg","differs","mismatch","base","color","#363635","#4d4a46"
"type","label--lg","label--lg","differs","mismatch","base","font-size","1.125rem","1.25rem"
"type","abundance-eyebrow","abundance-eyebrow","exact","none","","","",""
"type","abundance-body-compact","abundance-body-compact","exact","none","","","",""
"type","abundance-action-text","abundance-action-text","exact","none","","","",""
"type","abundance-stat","abundance-stat","differs","mismatch","base","font-weight","600","700"
"type","abundance-heading-display","abundance-heading-display","differs","mismatch","base","font-weight","600","700"
"cards","abundance-card-copy","abundance-card-copy","candidate-missing","missing","base","font-family","""sohne buch"",system-ui,-apple-system,blinkmacsystemfont,""avenir next"",avenir,""helvetica neue"",helvetica,ubuntu,roboto,noto,""segoe ui"",arial,sans-serif",""
"cards","abundance-card-copy","abundance-card-copy","candidate-missing","missing","base","font-size","1.05rem",""
"cards","abundance-card-copy","abundance-card-copy","candidate-missing","missing","base","line-height","1.55",""
"cards","abundance-card-copy","abundance-card-copy","candidate-missing","missing","base","color","rgba(54,54,53,.78)",""
"cards","si-card","si-card","matches-with-extra","extra","base","background-color","","#fff"
"cards","si-card","si-card","matches-with-extra","extra","base","border","","1.5px solid rgba(54,54,53,.12)"
"cards","si-card","si-card","matches-with-extra","extra","base","border-radius","","24px"
"cards","si-card","si-card","matches-with-extra","extra","base","box-shadow","","0 10px 30px rgba(54,54,53,.05)"
"cards","si-card","si-card","matches-with-extra","extra","base","font-family","","""sohne buch"",system-ui,-apple-system,blinkmacsystemfont,""avenir next"",avenir,""helvetica neue"",helvetica,ubuntu,roboto,noto,""segoe ui"",arial,sans-serif"
"cards","si-card","si-card","matches-with-extra","extra","base","font-size","","1.05rem"
"cards","si-card","si-card","matches-with-extra","extra","base","line-height","","1.55"
"cards","si-card","si-card","matches-with-extra","extra","base","color","","rgba(54,54,53,.78)"
"cards","si-card--primary","si-card--primary","exact","none","","","",""
"cards","si-card--secondary","si-card--secondary","exact","none","","","",""
"cards","si-card--tertiary","si-card--tertiary","exact","none","","","",""
"cards","si-card--0","si-card--0","exact","none","","","",""
"cards","si-card--2xs","si-card--2xs","exact","none","","","",""
"cards","si-card--xs","si-card--xs","exact","none","","","",""
"cards","si-card--sm","si-card--sm","exact","none","","","",""
"cards","si-card--md","si-card--md","exact","none","","","",""
"cards","si-card--lg","si-card--lg","exact","none","","","",""
"cards","si-card--no-border-radius","si-card--no-border-radius","exact","none","","","",""
"cards","si-card--full-height","si-card--full-height","exact","none","","","",""
"cards","abundance-card-soft","abundance-card--soft","exact","none","","","",""
"cards","abundance-card-soft-bordered","abundance-card--soft-bordered","differs","mismatch","base","box-shadow","0 12px 34px rgba(54,54,53,.05)","0 10px 30px rgba(54,54,53,.05)"
"cards","abundance-card-soft-bordered","abundance-card--soft-bordered","differs","extra","base","background","","#fff"
"cards","abundance-card-soft-bordered","abundance-card--soft-bordered","differs","extra","base","border-radius","","28px"
"cards","abundance-card-soft-bordered","abundance-card--soft-bordered","differs","extra","@media(max-width:767px)","border-radius","","24px"
"cards","abundance-colour-card","abundance-card--color-card","differs","missing","base","min-height","160px",""
"cards","abundance-colour-card","abundance-card--color-card","differs","missing","base","padding","1rem",""
"cards","abundance-colour-card","abundance-card--color-card","differs","extra","base","border","","none"
"cards","abundance-colour-card-neutral","abundance-card--color-neutral","differs","missing","base","min-height","160px",""
"cards","abundance-colour-card-neutral","abundance-card--color-neutral","differs","missing","base","padding","1rem",""
"cards","abundance-colour-card-neutral","abundance-card--color-neutral","differs","extra","base","border","","none"
"cards","abundance-colour-card-pink","abundance-card--color-pink","differs","missing","base","min-height","160px",""
"cards","abundance-colour-card-pink","abundance-card--color-pink","differs","missing","base","padding","1rem",""
"cards","abundance-colour-card-pink","abundance-card--color-pink","differs","mismatch","base","background","#c1658b","#f27fae"
"cards","abundance-colour-card-pink","abundance-card--color-pink","differs","extra","base","border","","none"
"cards","abundance-colour-card-teal","abundance-card--color-teal","differs","missing","base","min-height","160px",""
"cards","abundance-colour-card-teal","abundance-card--color-teal","differs","missing","base","padding","1rem",""
"cards","abundance-colour-card-teal","abundance-card--color-teal","differs","extra","base","border","","none"
"cards","abundance-colour-card-yellow","abundance-card--color-yellow","differs","missing","base","min-height","160px",""
"cards","abundance-colour-card-yellow","abundance-card--color-yellow","differs","missing","base","padding","1rem",""
"cards","abundance-colour-card-yellow","abundance-card--color-yellow","differs","extra","base","border","","none"
"cards","abundance-colour-card-green","abundance-card--color-green","differs","missing","base","min-height","160px",""
"cards","abundance-colour-card-green","abundance-card--color-green","differs","missing","base","padding","1rem",""
"cards","abundance-colour-card-green","abundance-card--color-green","differs","extra","base","border","","none"
"cards","abundance-colour-card-pink-light","abundance-card--color-pink-light","differs","missing","base","min-height","160px",""
"cards","abundance-colour-card-pink-light","abundance-card--color-pink-light","differs","missing","base","padding","1rem",""
"cards","abundance-colour-card-pink-light","abundance-card--color-pink-light","differs","extra","base","border","","none"
"cards","abundance-colour-card-teal-light","abundance-card--color-teal-light","differs","missing","base","min-height","160px",""
"cards","abundance-colour-card-teal-light","abundance-card--color-teal-light","differs","missing","base","padding","1rem",""
"cards","abundance-colour-card-teal-light","abundance-card--color-teal-light","differs","mismatch","base","background","#00a4b6","#4cbfcb"
"cards","abundance-colour-card-teal-light","abundance-card--color-teal-light","differs","extra","base","border","","none"